draw,budget,new_sq,new_resid,new_prevented
0,0,40,40,0
0,5,40,40,0
0,10,40,38,2
0,20,40,37,3
0,35,40,32,8
0,50,40,32,8
0,75,40,32,8
0,100,40,31,9
1,0,44,44,0
1,5,44,42,2
1,10,44,39,5
1,20,44,38,6
1,35,44,33,11
1,50,44,33,11
1,75,44,33,11
1,100,44,33,11
2,0,22,22,0
2,5,22,21,1
2,10,22,21,1
2,20,22,21,1
2,35,22,17,5
2,50,22,17,5
2,75,22,17,5
2,100,22,16,6
3,0,39,39,0
3,5,39,39,0
3,10,39,34,5
3,20,39,34,5
3,35,39,29,10
3,50,39,29,10
3,75,39,29,10
3,100,39,29,10
4,0,32,32,0
4,5,32,32,0
4,10,32,30,2
4,20,32,27,5
4,35,32,24,8
4,50,32,24,8
4,75,32,24,8
4,100,32,24,8
5,0,38,38,0
5,5,38,36,2
5,10,38,35,3
5,20,38,32,6
5,35,38,28,10
5,50,38,26,12
5,75,38,26,12
5,100,38,25,13
6,0,25,25,0
6,5,25,24,1
6,10,25,22,3
6,20,25,21,4
6,35,25,19,6
6,50,25,17,8
6,75,25,17,8
6,100,25,17,8
7,0,18,18,0
7,5,18,18,0
7,10,18,18,0
7,20,18,15,3
7,35,18,13,5
7,50,18,12,6
7,75,18,12,6
7,100,18,12,6
8,0,30,30,0
8,5,30,30,0
8,10,30,30,0
8,20,30,29,1
8,35,30,24,6
8,50,30,24,6
8,75,30,24,6
8,100,30,24,6
9,0,32,32,0
9,5,32,32,0
9,10,32,31,1
9,20,32,31,1
9,35,32,31,1
9,50,32,31,1
9,75,32,31,1
9,100,32,28,4
10,0,26,26,0
10,5,26,26,0
10,10,26,25,1
10,20,26,23,3
10,35,26,23,3
10,50,26,20,6
10,75,26,20,6
10,100,26,20,6
11,0,26,26,0
11,5,26,26,0
11,10,26,26,0
11,20,26,26,0
11,35,26,26,0
11,50,26,26,0
11,75,26,26,0
11,100,26,26,0
12,0,15,15,0
12,5,15,15,0
12,10,15,14,1
12,20,15,13,2
12,35,15,13,2
12,50,15,13,2
12,75,15,13,2
12,100,15,13,2
13,0,33,33,0
13,5,33,33,0
13,10,33,31,2
13,20,33,30,3
13,35,33,29,4
13,50,33,29,4
13,75,33,28,5
13,100,33,28,5
14,0,21,21,0
14,5,21,21,0
14,10,21,20,1
14,20,21,17,4
14,35,21,13,8
14,50,21,13,8
14,75,21,13,8
14,100,21,13,8
15,0,23,23,0
15,5,23,23,0
15,10,23,22,1
15,20,23,22,1
15,35,23,20,3
15,50,23,19,4
15,75,23,18,5
15,100,23,18,5
16,0,18,18,0
16,5,18,16,2
16,10,18,14,4
16,20,18,13,5
16,35,18,12,6
16,50,18,12,6
16,75,18,12,6
16,100,18,12,6
17,0,29,29,0
17,5,29,29,0
17,10,29,29,0
17,20,29,28,1
17,35,29,27,2
17,50,29,27,2
17,75,29,26,3
17,100,29,26,3
18,0,32,32,0
18,5,32,32,0
18,10,32,30,2
18,20,32,30,2
18,35,32,28,4
18,50,32,28,4
18,75,32,28,4
18,100,32,26,6
19,0,13,13,0
19,5,13,13,0
19,10,13,12,1
19,20,13,11,2
19,35,13,8,5
19,50,13,8,5
19,75,13,8,5
19,100,13,8,5
20,0,22,22,0
20,5,22,21,1
20,10,22,20,2
20,20,22,17,5
20,35,22,14,8
20,50,22,14,8
20,75,22,13,9
20,100,22,13,9
21,0,36,36,0
21,5,36,36,0
21,10,36,33,3
21,20,36,29,7
21,35,36,24,12
21,50,36,23,13
21,75,36,22,14
21,100,36,19,17
22,0,44,44,0
22,5,44,44,0
22,10,44,44,0
22,20,44,44,0
22,35,44,40,4
22,50,44,38,6
22,75,44,36,8
22,100,44,36,8
23,0,35,35,0
23,5,35,31,4
23,10,35,29,6
23,20,35,25,10
23,35,35,23,12
23,50,35,23,12
23,75,35,23,12
23,100,35,23,12
24,0,15,15,0
24,5,15,15,0
24,10,15,15,0
24,20,15,15,0
24,35,15,15,0
24,50,15,15,0
24,75,15,15,0
24,100,15,15,0
25,0,33,33,0
25,5,33,33,0
25,10,33,31,2
25,20,33,30,3
25,35,33,28,5
25,50,33,28,5
25,75,33,28,5
25,100,33,28,5
26,0,38,38,0
26,5,38,38,0
26,10,38,33,5
26,20,38,33,5
26,35,38,30,8
26,50,38,30,8
26,75,38,30,8
26,100,38,29,9
27,0,68,68,0
27,5,68,68,0
27,10,68,64,4
27,20,68,59,9
27,35,68,50,18
27,50,68,50,18
27,75,68,50,18
27,100,68,49,19
28,0,31,31,0
28,5,31,31,0
28,10,31,30,1
28,20,31,29,2
28,35,31,27,4
28,50,31,25,6
28,75,31,25,6
28,100,31,25,6
29,0,44,44,0
29,5,44,44,0
29,10,44,44,0
29,20,44,42,2
29,35,44,41,3
29,50,44,41,3
29,75,44,41,3
29,100,44,34,10
30,0,34,34,0
30,5,34,32,2
30,10,34,28,6
30,20,34,28,6
30,35,34,24,10
30,50,34,24,10
30,75,34,24,10
30,100,34,24,10
31,0,30,30,0
31,5,30,29,1
31,10,30,26,4
31,20,30,25,5
31,35,30,25,5
31,50,30,24,6
31,75,30,24,6
31,100,30,24,6
32,0,49,49,0
32,5,49,49,0
32,10,49,49,0
32,20,49,49,0
32,35,49,42,7
32,50,49,42,7
32,75,49,39,10
32,100,49,35,14
33,0,25,25,0
33,5,25,24,1
33,10,25,23,2
33,20,25,22,3
33,35,25,20,5
33,50,25,19,6
33,75,25,19,6
33,100,25,19,6
34,0,32,32,0
34,5,32,32,0
34,10,32,32,0
34,20,32,32,0
34,35,32,32,0
34,50,32,32,0
34,75,32,32,0
34,100,32,32,0
35,0,63,63,0
35,5,63,61,2
35,10,63,60,3
35,20,63,58,5
35,35,63,58,5
35,50,63,57,6
35,75,63,57,6
35,100,63,53,10
36,0,24,24,0
36,5,24,24,0
36,10,24,24,0
36,20,24,24,0
36,35,24,17,7
36,50,24,17,7
36,75,24,17,7
36,100,24,16,8
37,0,23,23,0
37,5,23,19,4
37,10,23,18,5
37,20,23,14,9
37,35,23,10,13
37,50,23,10,13
37,75,23,10,13
37,100,23,10,13
38,0,32,32,0
38,5,32,31,1
38,10,32,30,2
38,20,32,30,2
38,35,32,21,11
38,50,32,21,11
38,75,32,21,11
38,100,32,20,12
39,0,27,27,0
39,5,27,27,0
39,10,27,26,1
39,20,27,25,2
39,35,27,20,7
39,50,27,20,7
39,75,27,20,7
39,100,27,20,7
40,0,25,25,0
40,5,25,23,2
40,10,25,23,2
40,20,25,23,2
40,35,25,20,5
40,50,25,19,6
40,75,25,19,6
40,100,25,19,6
41,0,41,41,0
41,5,41,41,0
41,10,41,36,5
41,20,41,33,8
41,35,41,27,14
41,50,41,27,14
41,75,41,26,15
41,100,41,26,15
42,0,35,35,0
42,5,35,26,9
42,10,35,26,9
42,20,35,25,10
42,35,35,21,14
42,50,35,19,16
42,75,35,19,16
42,100,35,19,16
43,0,43,43,0
43,5,43,42,1
43,10,43,35,8
43,20,43,31,12
43,35,43,27,16
43,50,43,27,16
43,75,43,27,16
43,100,43,27,16
44,0,49,49,0
44,5,49,49,0
44,10,49,49,0
44,20,49,47,2
44,35,49,47,2
44,50,49,47,2
44,75,49,47,2
44,100,49,44,5
45,0,34,34,0
45,5,34,33,1
45,10,34,32,2
45,20,34,32,2
45,35,34,28,6
45,50,34,28,6
45,75,34,28,6
45,100,34,28,6
46,0,35,35,0
46,5,35,35,0
46,10,35,35,0
46,20,35,34,1
46,35,35,28,7
46,50,35,28,7
46,75,35,28,7
46,100,35,27,8
47,0,25,25,0
47,5,25,25,0
47,10,25,22,3
47,20,25,20,5
47,35,25,20,5
47,50,25,20,5
47,75,25,20,5
47,100,25,19,6
48,0,13,13,0
48,5,13,13,0
48,10,13,13,0
48,20,13,12,1
48,35,13,12,1
48,50,13,12,1
48,75,13,12,1
48,100,13,12,1
49,0,40,40,0
49,5,40,38,2
49,10,40,38,2
49,20,40,36,4
49,35,40,35,5
49,50,40,34,6
49,75,40,33,7
49,100,40,31,9
50,0,27,27,0
50,5,27,27,0
50,10,27,24,3
50,20,27,23,4
50,35,27,21,6
50,50,27,20,7
50,75,27,20,7
50,100,27,20,7
51,0,49,49,0
51,5,49,48,1
51,10,49,42,7
51,20,49,39,10
51,35,49,34,15
51,50,49,32,17
51,75,49,32,17
51,100,49,32,17
52,0,13,13,0
52,5,13,13,0
52,10,13,13,0
52,20,13,13,0
52,35,13,13,0
52,50,13,13,0
52,75,13,13,0
52,100,13,13,0
53,0,27,27,0
53,5,27,26,1
53,10,27,26,1
53,20,27,25,2
53,35,27,21,6
53,50,27,20,7
53,75,27,20,7
53,100,27,20,7
54,0,26,26,0
54,5,26,26,0
54,10,26,25,1
54,20,26,23,3
54,35,26,21,5
54,50,26,21,5
54,75,26,21,5
54,100,26,21,5
55,0,35,35,0
55,5,35,34,1
55,10,35,31,4
55,20,35,28,7
55,35,35,20,15
55,50,35,20,15
55,75,35,19,16
55,100,35,19,16
56,0,38,38,0
56,5,38,38,0
56,10,38,37,1
56,20,38,35,3
56,35,38,34,4
56,50,38,34,4
56,75,38,34,4
56,100,38,33,5
57,0,23,23,0
57,5,23,21,2
57,10,23,21,2
57,20,23,21,2
57,35,23,20,3
57,50,23,20,3
57,75,23,20,3
57,100,23,20,3
58,0,65,65,0
58,5,65,64,1
58,10,65,57,8
58,20,65,53,12
58,35,65,44,21
58,50,65,44,21
58,75,65,44,21
58,100,65,44,21
59,0,14,14,0
59,5,14,14,0
59,10,14,14,0
59,20,14,13,1
59,35,14,10,4
59,50,14,9,5
59,75,14,9,5
59,100,14,9,5
60,0,34,34,0
60,5,34,34,0
60,10,34,33,1
60,20,34,30,4
60,35,34,29,5
60,50,34,28,6
60,75,34,28,6
60,100,34,26,8
61,0,29,29,0
61,5,29,24,5
61,10,29,23,6
61,20,29,23,6
61,35,29,22,7
61,50,29,22,7
61,75,29,22,7
61,100,29,22,7
62,0,37,37,0
62,5,37,37,0
62,10,37,37,0
62,20,37,37,0
62,35,37,34,3
62,50,37,34,3
62,75,37,33,4
62,100,37,32,5
63,0,23,23,0
63,5,23,23,0
63,10,23,19,4
63,20,23,18,5
63,35,23,12,11
63,50,23,12,11
63,75,23,12,11
63,100,23,12,11
64,0,28,28,0
64,5,28,28,0
64,10,28,26,2
64,20,28,24,4
64,35,28,20,8
64,50,28,20,8
64,75,28,20,8
64,100,28,20,8
65,0,77,77,0
65,5,77,77,0
65,10,77,73,4
65,20,77,72,5
65,35,77,60,17
65,50,77,59,18
65,75,77,59,18
65,100,77,59,18
66,0,32,32,0
66,5,32,31,1
66,10,32,28,4
66,20,32,27,5
66,35,32,23,9
66,50,32,23,9
66,75,32,23,9
66,100,32,23,9
67,0,46,46,0
67,5,46,46,0
67,10,46,45,1
67,20,46,45,1
67,35,46,44,2
67,50,46,42,4
67,75,46,40,6
67,100,46,40,6
68,0,50,50,0
68,5,50,49,1
68,10,50,46,4
68,20,50,46,4
68,35,50,35,15
68,50,50,35,15
68,75,50,35,15
68,100,50,35,15
69,0,26,26,0
69,5,26,25,1
69,10,26,25,1
69,20,26,25,1
69,35,26,23,3
69,50,26,21,5
69,75,26,21,5
69,100,26,21,5
70,0,17,17,0
70,5,17,16,1
70,10,17,16,1
70,20,17,14,3
70,35,17,13,4
70,50,17,13,4
70,75,17,13,4
70,100,17,13,4
71,0,29,29,0
71,5,29,29,0
71,10,29,27,2
71,20,29,20,9
71,35,29,20,9
71,50,29,20,9
71,75,29,20,9
71,100,29,20,9
72,0,36,36,0
72,5,36,36,0
72,10,36,36,0
72,20,36,35,1
72,35,36,34,2
72,50,36,34,2
72,75,36,34,2
72,100,36,32,4
73,0,44,44,0
73,5,44,44,0
73,10,44,44,0
73,20,44,43,1
73,35,44,37,7
73,50,44,37,7
73,75,44,37,7
73,100,44,36,8
74,0,34,34,0
74,5,34,34,0
74,10,34,34,0
74,20,34,34,0
74,35,34,33,1
74,50,34,29,5
74,75,34,29,5
74,100,34,29,5
75,0,27,27,0
75,5,27,27,0
75,10,27,27,0
75,20,27,26,1
75,35,27,21,6
75,50,27,19,8
75,75,27,19,8
75,100,27,19,8
76,0,30,30,0
76,5,30,30,0
76,10,30,25,5
76,20,30,24,6
76,35,30,17,13
76,50,30,17,13
76,75,30,16,14
76,100,30,16,14
77,0,54,54,0
77,5,54,54,0
77,10,54,54,0
77,20,54,54,0
77,35,54,53,1
77,50,54,53,1
77,75,54,53,1
77,100,54,53,1
78,0,23,23,0
78,5,23,23,0
78,10,23,20,3
78,20,23,19,4
78,35,23,19,4
78,50,23,19,4
78,75,23,19,4
78,100,23,19,4
79,0,30,30,0
79,5,30,28,2
79,10,30,25,5
79,20,30,20,10
79,35,30,20,10
79,50,30,19,11
79,75,30,19,11
79,100,30,19,11
80,0,33,33,0
80,5,33,33,0
80,10,33,31,2
80,20,33,28,5
80,35,33,26,7
80,50,33,26,7
80,75,33,26,7
80,100,33,26,7
81,0,27,27,0
81,5,27,27,0
81,10,27,24,3
81,20,27,21,6
81,35,27,21,6
81,50,27,21,6
81,75,27,21,6
81,100,27,21,6
82,0,28,28,0
82,5,28,27,1
82,10,28,27,1
82,20,28,27,1
82,35,28,27,1
82,50,28,27,1
82,75,28,27,1
82,100,28,26,2
83,0,12,12,0
83,5,12,12,0
83,10,12,11,1
83,20,12,9,3
83,35,12,8,4
83,50,12,8,4
83,75,12,8,4
83,100,12,8,4
84,0,27,27,0
84,5,27,27,0
84,10,27,25,2
84,20,27,24,3
84,35,27,23,4
84,50,27,23,4
84,75,27,23,4
84,100,27,20,7
85,0,25,25,0
85,5,25,24,1
85,10,25,22,3
85,20,25,21,4
85,35,25,19,6
85,50,25,17,8
85,75,25,17,8
85,100,25,17,8
86,0,57,57,0
86,5,57,56,1
86,10,57,50,7
86,20,57,48,9
86,35,57,40,17
86,50,57,40,17
86,75,57,40,17
86,100,57,40,17
87,0,41,41,0
87,5,41,41,0
87,10,41,41,0
87,20,41,41,0
87,35,41,40,1
87,50,41,39,2
87,75,41,38,3
87,100,41,38,3
88,0,26,26,0
88,5,26,25,1
88,10,26,24,2
88,20,26,22,4
88,35,26,21,5
88,50,26,21,5
88,75,26,21,5
88,100,26,21,5
89,0,32,32,0
89,5,32,32,0
89,10,32,32,0
89,20,32,31,1
89,35,32,28,4
89,50,32,24,8
89,75,32,24,8
89,100,32,24,8
90,0,24,24,0
90,5,24,24,0
90,10,24,24,0
90,20,24,24,0
90,35,24,20,4
90,50,24,18,6
90,75,24,18,6
90,100,24,18,6
91,0,53,53,0
91,5,53,53,0
91,10,53,53,0
91,20,53,53,0
91,35,53,50,3
91,50,53,46,7
91,75,53,44,9
91,100,53,44,9
92,0,45,45,0
92,5,45,44,1
92,10,45,41,4
92,20,45,38,7
92,35,45,36,9
92,50,45,36,9
92,75,45,35,10
92,100,45,35,10
93,0,29,29,0
93,5,29,29,0
93,10,29,27,2
93,20,29,27,2
93,35,29,25,4
93,50,29,24,5
93,75,29,24,5
93,100,29,24,5
94,0,31,31,0
94,5,31,31,0
94,10,31,29,2
94,20,31,27,4
94,35,31,22,9
94,50,31,21,10
94,75,31,21,10
94,100,31,21,10
95,0,44,44,0
95,5,44,44,0
95,10,44,43,1
95,20,44,42,2
95,35,44,40,4
95,50,44,37,7
95,75,44,36,8
95,100,44,35,9
96,0,48,48,0
96,5,48,48,0
96,10,48,47,1
96,20,48,47,1
96,35,48,45,3
96,50,48,45,3
96,75,48,45,3
96,100,48,44,4
97,0,34,34,0
97,5,34,34,0
97,10,34,34,0
97,20,34,33,1
97,35,34,27,7
97,50,34,25,9
97,75,34,24,10
97,100,34,18,16
98,0,22,22,0
98,5,22,22,0
98,10,22,21,1
98,20,22,21,1
98,35,22,20,2
98,50,22,20,2
98,75,22,18,4
98,100,22,18,4
99,0,41,41,0
99,5,41,41,0
99,10,41,41,0
99,20,41,40,1
99,35,41,38,3
99,50,41,38,3
99,75,41,37,4
99,100,41,37,4
100,0,54,54,0
100,5,54,53,1
100,10,54,52,2
100,20,54,50,4
100,35,54,47,7
100,50,54,47,7
100,75,54,47,7
100,100,54,44,10
101,0,25,25,0
101,5,25,25,0
101,10,25,24,1
101,20,25,24,1
101,35,25,22,3
101,50,25,22,3
101,75,25,20,5
101,100,25,20,5
102,0,30,30,0
102,5,30,30,0
102,10,30,30,0
102,20,30,29,1
102,35,30,28,2
102,50,30,28,2
102,75,30,27,3
102,100,30,27,3
103,0,8,8,0
103,5,8,8,0
103,10,8,8,0
103,20,8,8,0
103,35,8,8,0
103,50,8,8,0
103,75,8,8,0
103,100,8,8,0
104,0,28,28,0
104,5,28,28,0
104,10,28,27,1
104,20,28,26,2
104,35,28,25,3
104,50,28,25,3
104,75,28,25,3
104,100,28,25,3
105,0,48,48,0
105,5,48,46,2
105,10,48,45,3
105,20,48,45,3
105,35,48,43,5
105,50,48,42,6
105,75,48,42,6
105,100,48,42,6
106,0,17,17,0
106,5,17,17,0
106,10,17,17,0
106,20,17,17,0
106,35,17,14,3
106,50,17,14,3
106,75,17,14,3
106,100,17,14,3
107,0,34,34,0
107,5,34,33,1
107,10,34,32,2
107,20,34,28,6
107,35,34,26,8
107,50,34,26,8
107,75,34,26,8
107,100,34,26,8
108,0,43,43,0
108,5,43,41,2
108,10,43,37,6
108,20,43,34,9
108,35,43,27,16
108,50,43,27,16
108,75,43,27,16
108,100,43,26,17
109,0,18,18,0
109,5,18,18,0
109,10,18,17,1
109,20,18,13,5
109,35,18,11,7
109,50,18,11,7
109,75,18,11,7
109,100,18,11,7
110,0,38,38,0
110,5,38,38,0
110,10,38,38,0
110,20,38,38,0
110,35,38,32,6
110,50,38,32,6
110,75,38,32,6
110,100,38,32,6
111,0,43,43,0
111,5,43,43,0
111,10,43,42,1
111,20,43,41,2
111,35,43,41,2
111,50,43,41,2
111,75,43,41,2
111,100,43,39,4
112,0,31,31,0
112,5,31,31,0
112,10,31,31,0
112,20,31,30,1
112,35,31,29,2
112,50,31,29,2
112,75,31,28,3
112,100,31,27,4
113,0,79,79,0
113,5,79,79,0
113,10,79,73,6
113,20,79,72,7
113,35,79,68,11
113,50,79,68,11
113,75,79,68,11
113,100,79,67,12
114,0,46,46,0
114,5,46,46,0
114,10,46,42,4
114,20,46,39,7
114,35,46,34,12
114,50,46,34,12
114,75,46,33,13
114,100,46,33,13
115,0,38,38,0
115,5,38,36,2
115,10,38,34,4
115,20,38,33,5
115,35,38,31,7
115,50,38,27,11
115,75,38,27,11
115,100,38,27,11
116,0,33,33,0
116,5,33,33,0
116,10,33,33,0
116,20,33,32,1
116,35,33,28,5
116,50,33,27,6
116,75,33,27,6
116,100,33,27,6
117,0,18,18,0
117,5,18,18,0
117,10,18,18,0
117,20,18,16,2
117,35,18,14,4
117,50,18,14,4
117,75,18,14,4
117,100,18,14,4
118,0,41,41,0
118,5,41,39,2
118,10,41,36,5
118,20,41,31,10
118,35,41,29,12
118,50,41,28,13
118,75,41,28,13
118,100,41,27,14
119,0,29,29,0
119,5,29,29,0
119,10,29,29,0
119,20,29,24,5
119,35,29,22,7
119,50,29,22,7
119,75,29,22,7
119,100,29,22,7
120,0,39,39,0
120,5,39,39,0
120,10,39,38,1
120,20,39,37,2
120,35,39,37,2
120,50,39,37,2
120,75,39,35,4
120,100,39,35,4
121,0,22,22,0
121,5,22,22,0
121,10,22,21,1
121,20,22,21,1
121,35,22,21,1
121,50,22,21,1
121,75,22,21,1
121,100,22,21,1
122,0,28,28,0
122,5,28,28,0
122,10,28,27,1
122,20,28,27,1
122,35,28,26,2
122,50,28,25,3
122,75,28,25,3
122,100,28,25,3
123,0,19,19,0
123,5,19,16,3
123,10,19,16,3
123,20,19,16,3
123,35,19,13,6
123,50,19,13,6
123,75,19,13,6
123,100,19,13,6
124,0,67,67,0
124,5,67,67,0
124,10,67,66,1
124,20,67,65,2
124,35,67,59,8
124,50,67,59,8
124,75,67,57,10
124,100,67,57,10
125,0,33,33,0
125,5,33,32,1
125,10,33,32,1
125,20,33,30,3
125,35,33,29,4
125,50,33,29,4
125,75,33,29,4
125,100,33,29,4
126,0,45,45,0
126,5,45,45,0
126,10,45,39,6
126,20,45,37,8
126,35,45,36,9
126,50,45,34,11
126,75,45,34,11
126,100,45,34,11
127,0,15,15,0
127,5,15,15,0
127,10,15,14,1
127,20,15,13,2
127,35,15,12,3
127,50,15,12,3
127,75,15,12,3
127,100,15,11,4
128,0,19,19,0
128,5,19,16,3
128,10,19,16,3
128,20,19,16,3
128,35,19,13,6
128,50,19,13,6
128,75,19,13,6
128,100,19,13,6
129,0,40,40,0
129,5,40,39,1
129,10,40,38,2
129,20,40,38,2
129,35,40,29,11
129,50,40,26,14
129,75,40,26,14
129,100,40,26,14
130,0,31,31,0
130,5,31,31,0
130,10,31,31,0
130,20,31,30,1
130,35,31,28,3
130,50,31,28,3
130,75,31,28,3
130,100,31,28,3
131,0,31,31,0
131,5,31,31,0
131,10,31,30,1
131,20,31,30,1
131,35,31,26,5
131,50,31,26,5
131,75,31,26,5
131,100,31,24,7
132,0,31,31,0
132,5,31,31,0
132,10,31,31,0
132,20,31,30,1
132,35,31,29,2
132,50,31,27,4
132,75,31,27,4
132,100,31,27,4
133,0,17,17,0
133,5,17,17,0
133,10,17,17,0
133,20,17,14,3
133,35,17,12,5
133,50,17,12,5
133,75,17,12,5
133,100,17,12,5
134,0,35,35,0
134,5,35,35,0
134,10,35,35,0
134,20,35,34,1
134,35,35,28,7
134,50,35,28,7
134,75,35,28,7
134,100,35,27,8
135,0,21,21,0
135,5,21,21,0
135,10,21,21,0
135,20,21,20,1
135,35,21,20,1
135,50,21,20,1
135,75,21,20,1
135,100,21,20,1
136,0,16,16,0
136,5,16,16,0
136,10,16,15,1
136,20,16,15,1
136,35,16,15,1
136,50,16,15,1
136,75,16,15,1
136,100,16,15,1
137,0,21,21,0
137,5,21,21,0
137,10,21,21,0
137,20,21,18,3
137,35,21,17,4
137,50,21,16,5
137,75,21,16,5
137,100,21,16,5
138,0,34,34,0
138,5,34,34,0
138,10,34,34,0
138,20,34,34,0
138,35,34,32,2
138,50,34,31,3
138,75,34,31,3
138,100,34,31,3
139,0,47,47,0
139,5,47,47,0
139,10,47,47,0
139,20,47,46,1
139,35,47,43,4
139,50,47,42,5
139,75,47,42,5
139,100,47,39,8
140,0,47,47,0
140,5,47,47,0
140,10,47,46,1
140,20,47,41,6
140,35,47,40,7
140,50,47,40,7
140,75,47,40,7
140,100,47,36,11
141,0,31,31,0
141,5,31,30,1
141,10,31,29,2
141,20,31,27,4
141,35,31,25,6
141,50,31,25,6
141,75,31,25,6
141,100,31,23,8
142,0,76,76,0
142,5,76,74,2
142,10,76,73,3
142,20,76,68,8
142,35,76,68,8
142,50,76,68,8
142,75,76,68,8
142,100,76,68,8
143,0,146,146,0
143,5,146,136,10
143,10,146,125,21
143,20,146,122,24
143,35,146,115,31
143,50,146,115,31
143,75,146,115,31
143,100,146,102,44
144,0,47,47,0
144,5,47,47,0
144,10,47,47,0
144,20,47,46,1
144,35,47,43,4
144,50,47,42,5
144,75,47,42,5
144,100,47,39,8
145,0,28,28,0
145,5,28,27,1
145,10,28,27,1
145,20,28,27,1
145,35,28,26,2
145,50,28,22,6
145,75,28,19,9
145,100,28,19,9
146,0,22,22,0
146,5,22,22,0
146,10,22,22,0
146,20,22,22,0
146,35,22,20,2
146,50,22,18,4
146,75,22,18,4
146,100,22,18,4
147,0,48,48,0
147,5,48,48,0
147,10,48,46,2
147,20,48,45,3
147,35,48,44,4
147,50,48,44,4
147,75,48,44,4
147,100,48,44,4
148,0,50,50,0
148,5,50,48,2
148,10,50,47,3
148,20,50,38,12
148,35,50,37,13
148,50,50,37,13
148,75,50,36,14
148,100,50,36,14
149,0,26,26,0
149,5,26,26,0
149,10,26,26,0
149,20,26,26,0
149,35,26,26,0
149,50,26,26,0
149,75,26,26,0
149,100,26,26,0
150,0,62,62,0
150,5,62,62,0
150,10,62,62,0
150,20,62,61,1
150,35,62,56,6
150,50,62,55,7
150,75,62,55,7
150,100,62,48,14
151,0,50,50,0
151,5,50,49,1
151,10,50,49,1
151,20,50,48,2
151,35,50,38,12
151,50,50,38,12
151,75,50,38,12
151,100,50,38,12
152,0,29,29,0
152,5,29,28,1
152,10,29,28,1
152,20,29,28,1
152,35,29,26,3
152,50,29,22,7
152,75,29,20,9
152,100,29,20,9
153,0,39,39,0
153,5,39,37,2
153,10,39,34,5
153,20,39,34,5
153,35,39,27,12
153,50,39,27,12
153,75,39,27,12
153,100,39,27,12
154,0,51,51,0
154,5,51,50,1
154,10,51,50,1
154,20,51,50,1
154,35,51,44,7
154,50,51,43,8
154,75,51,42,9
154,100,51,42,9
155,0,101,101,0
155,5,101,101,0
155,10,101,99,2
155,20,101,99,2
155,35,101,97,4
155,50,101,97,4
155,75,101,97,4
155,100,101,78,23
156,0,29,29,0
156,5,29,29,0
156,10,29,29,0
156,20,29,28,1
156,35,29,27,2
156,50,29,27,2
156,75,29,27,2
156,100,29,27,2
157,0,30,30,0
157,5,30,30,0
157,10,30,30,0
157,20,30,30,0
157,35,30,25,5
157,50,30,24,6
157,75,30,24,6
157,100,30,24,6
158,0,33,33,0
158,5,33,31,2
158,10,33,28,5
158,20,33,27,6
158,35,33,26,7
158,50,33,26,7
158,75,33,26,7
158,100,33,26,7
159,0,30,30,0
159,5,30,29,1
159,10,30,29,1
159,20,30,28,2
159,35,30,24,6
159,50,30,24,6
159,75,30,24,6
159,100,30,24,6
160,0,49,49,0
160,5,49,48,1
160,10,49,43,6
160,20,49,39,10
160,35,49,29,20
160,50,49,28,21
160,75,49,28,21
160,100,49,26,23
161,0,37,37,0
161,5,37,33,4
161,10,37,29,8
161,20,37,24,13
161,35,37,22,15
161,50,37,21,16
161,75,37,21,16
161,100,37,21,16
162,0,10,10,0
162,5,10,9,1
162,10,10,7,3
162,20,10,7,3
162,35,10,7,3
162,50,10,7,3
162,75,10,7,3
162,100,10,7,3
163,0,35,35,0
163,5,35,26,9
163,10,35,26,9
163,20,35,25,10
163,35,35,21,14
163,50,35,19,16
163,75,35,19,16
163,100,35,19,16
164,0,44,44,0
164,5,44,43,1
164,10,44,40,4
164,20,44,40,4
164,35,44,36,8
164,50,44,35,9
164,75,44,35,9
164,100,44,34,10
165,0,31,31,0
165,5,31,31,0
165,10,31,31,0
165,20,31,27,4
165,35,31,20,11
165,50,31,19,12
165,75,31,19,12
165,100,31,19,12
166,0,101,101,0
166,5,101,101,0
166,10,101,99,2
166,20,101,99,2
166,35,101,97,4
166,50,101,97,4
166,75,101,97,4
166,100,101,78,23
167,0,23,23,0
167,5,23,22,1
167,10,23,22,1
167,20,23,22,1
167,35,23,20,3
167,50,23,20,3
167,75,23,19,4
167,100,23,19,4
168,0,42,42,0
168,5,42,38,4
168,10,42,33,9
168,20,42,33,9
168,35,42,33,9
168,50,42,33,9
168,75,42,33,9
168,100,42,31,11
169,0,31,31,0
169,5,31,30,1
169,10,31,27,4
169,20,31,25,6
169,35,31,22,9
169,50,31,21,10
169,75,31,21,10
169,100,31,21,10
170,0,39,39,0
170,5,39,39,0
170,10,39,39,0
170,20,39,39,0
170,35,39,37,2
170,50,39,36,3
170,75,39,36,3
170,100,39,36,3
171,0,47,47,0
171,5,47,46,1
171,10,47,40,7
171,20,47,40,7
171,35,47,32,15
171,50,47,32,15
171,75,47,32,15
171,100,47,29,18
172,0,27,27,0
172,5,27,27,0
172,10,27,26,1
172,20,27,26,1
172,35,27,23,4
172,50,27,23,4
172,75,27,23,4
172,100,27,22,5
173,0,39,39,0
173,5,39,39,0
173,10,39,36,3
173,20,39,35,4
173,35,39,33,6
173,50,39,32,7
173,75,39,32,7
173,100,39,31,8
174,0,48,48,0
174,5,48,48,0
174,10,48,47,1
174,20,48,46,2
174,35,48,41,7
174,50,48,39,9
174,75,48,38,10
174,100,48,38,10
175,0,49,49,0
175,5,49,47,2
175,10,49,45,4
175,20,49,44,5
175,35,49,40,9
175,50,49,40,9
175,75,49,39,10
175,100,49,39,10
176,0,69,69,0
176,5,69,69,0
176,10,69,68,1
176,20,69,68,1
176,35,69,67,2
176,50,69,67,2
176,75,69,67,2
176,100,69,67,2
177,0,42,42,0
177,5,42,42,0
177,10,42,41,1
177,20,42,40,2
177,35,42,38,4
177,50,42,38,4
177,75,42,38,4
177,100,42,36,6
178,0,36,36,0
178,5,36,36,0
178,10,36,36,0
178,20,36,35,1
178,35,36,34,2
178,50,36,31,5
178,75,36,31,5
178,100,36,31,5
179,0,25,25,0
179,5,25,25,0
179,10,25,24,1
179,20,25,22,3
179,35,25,21,4
179,50,25,21,4
179,75,25,19,6
179,100,25,18,7
180,0,31,31,0
180,5,31,31,0
180,10,31,31,0
180,20,31,26,5
180,35,31,26,5
180,50,31,24,7
180,75,31,24,7
180,100,31,24,7
181,0,30,30,0
181,5,30,30,0
181,10,30,30,0
181,20,30,30,0
181,35,30,25,5
181,50,30,24,6
181,75,30,24,6
181,100,30,24,6
182,0,27,27,0
182,5,27,27,0
182,10,27,26,1
182,20,27,26,1
182,35,27,25,2
182,50,27,25,2
182,75,27,25,2
182,100,27,25,2
183,0,62,62,0
183,5,62,61,1
183,10,62,61,1
183,20,62,58,4
183,35,62,50,12
183,50,62,49,13
183,75,62,48,14
183,100,62,48,14
184,0,36,36,0
184,5,36,36,0
184,10,36,36,0
184,20,36,35,1
184,35,36,34,2
184,50,36,34,2
184,75,36,34,2
184,100,36,32,4
185,0,19,19,0
185,5,19,19,0
185,10,19,19,0
185,20,19,19,0
185,35,19,16,3
185,50,19,16,3
185,75,19,16,3
185,100,19,16,3
186,0,40,40,0
186,5,40,40,0
186,10,40,40,0
186,20,40,40,0
186,35,40,39,1
186,50,40,39,1
186,75,40,39,1
186,100,40,39,1
187,0,30,30,0
187,5,30,28,2
187,10,30,26,4
187,20,30,25,5
187,35,30,25,5
187,50,30,19,11
187,75,30,19,11
187,100,30,19,11
188,0,63,63,0
188,5,63,62,1
188,10,63,61,2
188,20,63,60,3
188,35,63,51,12
188,50,63,50,13
188,75,63,48,15
188,100,63,46,17
189,0,19,19,0
189,5,19,19,0
189,10,19,17,2
189,20,19,15,4
189,35,19,14,5
189,50,19,14,5
189,75,19,14,5
189,100,19,14,5
190,0,24,24,0
190,5,24,23,1
190,10,24,23,1
190,20,24,22,2
190,35,24,19,5
190,50,24,19,5
190,75,24,19,5
190,100,24,19,5
191,0,38,38,0
191,5,38,38,0
191,10,38,36,2
191,20,38,35,3
191,35,38,24,14
191,50,38,22,16
191,75,38,22,16
191,100,38,22,16
192,0,32,32,0
192,5,32,28,4
192,10,32,25,7
192,20,32,22,10
192,35,32,21,11
192,50,32,20,12
192,75,32,19,13
192,100,32,19,13
193,0,31,31,0
193,5,31,30,1
193,10,31,29,2
193,20,31,27,4
193,35,31,25,6
193,50,31,25,6
193,75,31,25,6
193,100,31,23,8
194,0,32,32,0
194,5,32,31,1
194,10,32,29,3
194,20,32,26,6
194,35,32,23,9
194,50,32,23,9
194,75,32,23,9
194,100,32,23,9
195,0,79,79,0
195,5,79,79,0
195,10,79,71,8
195,20,79,69,10
195,35,79,57,22
195,50,79,57,22
195,75,79,56,23
195,100,79,55,24
196,0,27,27,0
196,5,27,27,0
196,10,27,24,3
196,20,27,24,3
196,35,27,24,3
196,50,27,24,3
196,75,27,24,3
196,100,27,24,3
197,0,44,44,0
197,5,44,44,0
197,10,44,44,0
197,20,44,44,0
197,35,44,40,4
197,50,44,38,6
197,75,44,36,8
197,100,44,36,8
198,0,44,44,0
198,5,44,44,0
198,10,44,43,1
198,20,44,42,2
198,35,44,42,2
198,50,44,42,2
198,75,44,39,5
198,100,44,39,5
199,0,39,39,0
199,5,39,38,1
199,10,39,35,4
199,20,39,33,6
199,35,39,24,15
199,50,39,24,15
199,75,39,24,15
199,100,39,24,15
200,0,19,19,0
200,5,19,19,0
200,10,19,19,0
200,20,19,19,0
200,35,19,19,0
200,50,19,19,0
200,75,19,19,0
200,100,19,19,0
201,0,24,24,0
201,5,24,24,0
201,10,24,23,1
201,20,24,23,1
201,35,24,21,3
201,50,24,21,3
201,75,24,21,3
201,100,24,21,3
202,0,39,39,0
202,5,39,38,1
202,10,39,38,1
202,20,39,37,2
202,35,39,37,2
202,50,39,32,7
202,75,39,32,7
202,100,39,29,10
203,0,53,53,0
203,5,53,53,0
203,10,53,51,2
203,20,53,49,4
203,35,53,44,9
203,50,53,44,9
203,75,53,44,9
203,100,53,44,9
204,0,17,17,0
204,5,17,17,0
204,10,17,17,0
204,20,17,17,0
204,35,17,15,2
204,50,17,15,2
204,75,17,15,2
204,100,17,15,2
205,0,19,19,0
205,5,19,19,0
205,10,19,19,0
205,20,19,18,1
205,35,19,11,8
205,50,19,11,8
205,75,19,11,8
205,100,19,11,8
206,0,32,32,0
206,5,32,32,0
206,10,32,32,0
206,20,32,32,0
206,35,32,29,3
206,50,32,28,4
206,75,32,28,4
206,100,32,28,4
207,0,14,14,0
207,5,14,14,0
207,10,14,14,0
207,20,14,13,1
207,35,14,11,3
207,50,14,11,3
207,75,14,11,3
207,100,14,11,3
208,0,29,29,0
208,5,29,27,2
208,10,29,23,6
208,20,29,19,10
208,35,29,19,10
208,50,29,19,10
208,75,29,19,10
208,100,29,19,10
209,0,23,23,0
209,5,23,23,0
209,10,23,22,1
209,20,23,22,1
209,35,23,20,3
209,50,23,19,4
209,75,23,19,4
209,100,23,19,4
210,0,23,23,0
210,5,23,23,0
210,10,23,23,0
210,20,23,23,0
210,35,23,17,6
210,50,23,15,8
210,75,23,15,8
210,100,23,15,8
211,0,14,14,0
211,5,14,14,0
211,10,14,14,0
211,20,14,14,0
211,35,14,13,1
211,50,14,13,1
211,75,14,13,1
211,100,14,13,1
212,0,43,43,0
212,5,43,43,0
212,10,43,37,6
212,20,43,35,8
212,35,43,33,10
212,50,43,31,12
212,75,43,31,12
212,100,43,30,13
213,0,35,35,0
213,5,35,35,0
213,10,35,33,2
213,20,35,31,4
213,35,35,29,6
213,50,35,29,6
213,75,35,29,6
213,100,35,29,6
214,0,40,40,0
214,5,40,39,1
214,10,40,38,2
214,20,40,38,2
214,35,40,36,4
214,50,40,36,4
214,75,40,36,4
214,100,40,36,4
215,0,45,45,0
215,5,45,44,1
215,10,45,43,2
215,20,45,39,6
215,35,45,30,15
215,50,45,30,15
215,75,45,30,15
215,100,45,30,15
216,0,42,42,0
216,5,42,40,2
216,10,42,38,4
216,20,42,37,5
216,35,42,30,12
216,50,42,30,12
216,75,42,30,12
216,100,42,30,12
217,0,12,12,0
217,5,12,12,0
217,10,12,12,0
217,20,12,12,0
217,35,12,12,0
217,50,12,12,0
217,75,12,12,0
217,100,12,12,0
218,0,34,34,0
218,5,34,33,1
218,10,34,30,4
218,20,34,30,4
218,35,34,26,8
218,50,34,25,9
218,75,34,25,9
218,100,34,24,10
219,0,19,19,0
219,5,19,19,0
219,10,19,17,2
219,20,19,15,4
219,35,19,14,5
219,50,19,14,5
219,75,19,14,5
219,100,19,14,5
220,0,35,35,0
220,5,35,35,0
220,10,35,32,3
220,20,35,30,5
220,35,35,29,6
220,50,35,29,6
220,75,35,29,6
220,100,35,29,6
221,0,18,18,0
221,5,18,18,0
221,10,18,18,0
221,20,18,18,0
221,35,18,17,1
221,50,18,17,1
221,75,18,17,1
221,100,18,16,2
222,0,18,18,0
222,5,18,18,0
222,10,18,18,0
222,20,18,17,1
222,35,18,17,1
222,50,18,17,1
222,75,18,17,1
222,100,18,16,2
223,0,57,57,0
223,5,57,57,0
223,10,57,56,1
223,20,57,55,2
223,35,57,53,4
223,50,57,52,5
223,75,57,52,5
223,100,57,50,7
224,0,41,41,0
224,5,41,41,0
224,10,41,41,0
224,20,41,41,0
224,35,41,40,1
224,50,41,39,2
224,75,41,38,3
224,100,41,38,3
225,0,33,33,0
225,5,33,33,0
225,10,33,31,2
225,20,33,31,2
225,35,33,28,5
225,50,33,27,6
225,75,33,26,7
225,100,33,26,7
226,0,93,93,0
226,5,93,93,0
226,10,93,90,3
226,20,93,90,3
226,35,93,87,6
226,50,93,87,6
226,75,93,87,6
226,100,93,86,7
227,0,43,43,0
227,5,43,43,0
227,10,43,40,3
227,20,43,39,4
227,35,43,31,12
227,50,43,31,12
227,75,43,31,12
227,100,43,31,12
228,0,32,32,0
228,5,32,32,0
228,10,32,32,0
228,20,32,29,3
228,35,32,23,9
228,50,32,22,10
228,75,32,22,10
228,100,32,22,10
229,0,41,41,0
229,5,41,41,0
229,10,41,40,1
229,20,41,39,2
229,35,41,37,4
229,50,41,37,4
229,75,41,35,6
229,100,41,32,9
230,0,31,31,0
230,5,31,31,0
230,10,31,31,0
230,20,31,31,0
230,35,31,30,1
230,50,31,28,3
230,75,31,28,3
230,100,31,25,6
231,0,27,27,0
231,5,27,27,0
231,10,27,27,0
231,20,27,27,0
231,35,27,24,3
231,50,27,24,3
231,75,27,24,3
231,100,27,24,3
232,0,32,32,0
232,5,32,32,0
232,10,32,32,0
232,20,32,31,1
232,35,32,28,4
232,50,32,24,8
232,75,32,24,8
232,100,32,24,8
233,0,69,69,0
233,5,69,68,1
233,10,69,67,2
233,20,69,66,3
233,35,69,54,15
233,50,69,53,16
233,75,69,53,16
233,100,69,50,19
234,0,27,27,0
234,5,27,27,0
234,10,27,26,1
234,20,27,24,3
234,35,27,23,4
234,50,27,22,5
234,75,27,21,6
234,100,27,20,7
235,0,46,46,0
235,5,46,46,0
235,10,46,45,1
235,20,46,45,1
235,35,46,44,2
235,50,46,44,2
235,75,46,44,2
235,100,46,41,5
236,0,29,29,0
236,5,29,29,0
236,10,29,29,0
236,20,29,28,1
236,35,29,22,7
236,50,29,22,7
236,75,29,21,8
236,100,29,20,9
237,0,44,44,0
237,5,44,43,1
237,10,44,42,2
237,20,44,41,3
237,35,44,37,7
237,50,44,36,8
237,75,44,36,8
237,100,44,34,10
238,0,18,18,0
238,5,18,18,0
238,10,18,18,0
238,20,18,18,0
238,35,18,17,1
238,50,18,17,1
238,75,18,17,1
238,100,18,16,2
239,0,14,14,0
239,5,14,14,0
239,10,14,14,0
239,20,14,14,0
239,35,14,11,3
239,50,14,10,4
239,75,14,10,4
239,100,14,10,4
240,0,42,42,0
240,5,42,42,0
240,10,42,42,0
240,20,42,42,0
240,35,42,40,2
240,50,42,40,2
240,75,42,40,2
240,100,42,38,4
241,0,21,21,0
241,5,21,21,0
241,10,21,20,1
241,20,21,20,1
241,35,21,17,4
241,50,21,17,4
241,75,21,16,5
241,100,21,16,5
242,0,30,30,0
242,5,30,29,1
242,10,30,27,3
242,20,30,26,4
242,35,30,20,10
242,50,30,20,10
242,75,30,18,12
242,100,30,18,12
243,0,35,35,0
243,5,35,35,0
243,10,35,35,0
243,20,35,33,2
243,35,35,30,5
243,50,35,30,5
243,75,35,29,6
243,100,35,29,6
244,0,43,43,0
244,5,43,43,0
244,10,43,40,3
244,20,43,38,5
244,35,43,33,10
244,50,43,33,10
244,75,43,33,10
244,100,43,33,10
245,0,30,30,0
245,5,30,30,0
245,10,30,30,0
245,20,30,30,0
245,35,30,28,2
245,50,30,28,2
245,75,30,28,2
245,100,30,28,2
246,0,35,35,0
246,5,35,35,0
246,10,35,34,1
246,20,35,34,1
246,35,35,31,4
246,50,35,31,4
246,75,35,31,4
246,100,35,31,4
247,0,19,19,0
247,5,19,19,0
247,10,19,19,0
247,20,19,13,6
247,35,19,13,6
247,50,19,13,6
247,75,19,13,6
247,100,19,13,6
248,0,30,30,0
248,5,30,30,0
248,10,30,30,0
248,20,30,30,0
248,35,30,30,0
248,50,30,30,0
248,75,30,30,0
248,100,30,30,0
249,0,28,28,0
249,5,28,27,1
249,10,28,27,1
249,20,28,27,1
249,35,28,26,2
249,50,28,26,2
249,75,28,26,2
249,100,28,25,3
250,0,38,38,0
250,5,38,38,0
250,10,38,38,0
250,20,38,38,0
250,35,38,35,3
250,50,38,34,4
250,75,38,34,4
250,100,38,34,4
251,0,44,44,0
251,5,44,43,1
251,10,44,42,2
251,20,44,42,2
251,35,44,40,4
251,50,44,40,4
251,75,44,40,4
251,100,44,40,4
252,0,34,34,0
252,5,34,34,0
252,10,34,33,1
252,20,34,33,1
252,35,34,31,3
252,50,34,31,3
252,75,34,31,3
252,100,34,31,3
253,0,25,25,0
253,5,25,25,0
253,10,25,23,2
253,20,25,20,5
253,35,25,19,6
253,50,25,19,6
253,75,25,19,6
253,100,25,19,6
254,0,67,67,0
254,5,67,66,1
254,10,67,62,5
254,20,67,61,6
254,35,67,55,12
254,50,67,55,12
254,75,67,55,12
254,100,67,55,12
255,0,44,44,0
255,5,44,44,0
255,10,44,42,2
255,20,44,38,6
255,35,44,34,10
255,50,44,34,10
255,75,44,34,10
255,100,44,33,11
256,0,31,31,0
256,5,31,30,1
256,10,31,25,6
256,20,31,23,8
256,35,31,21,10
256,50,31,21,10
256,75,31,21,10
256,100,31,21,10
257,0,50,50,0
257,5,50,49,1
257,10,50,48,2
257,20,50,47,3
257,35,50,42,8
257,50,50,42,8
257,75,50,42,8
257,100,50,42,8
258,0,36,36,0
258,5,36,36,0
258,10,36,35,1
258,20,36,30,6
258,35,36,29,7
258,50,36,29,7
258,75,36,29,7
258,100,36,29,7
259,0,64,64,0
259,5,64,64,0
259,10,64,62,2
259,20,64,60,4
259,35,64,55,9
259,50,64,55,9
259,75,64,55,9
259,100,64,55,9
260,0,33,33,0
260,5,33,33,0
260,10,33,32,1
260,20,33,32,1
260,35,33,31,2
260,50,33,31,2
260,75,33,31,2
260,100,33,31,2
261,0,101,101,0
261,5,101,101,0
261,10,101,99,2
261,20,101,99,2
261,35,101,97,4
261,50,101,97,4
261,75,101,97,4
261,100,101,78,23
262,0,38,38,0
262,5,38,33,5
262,10,38,32,6
262,20,38,29,9
262,35,38,17,21
262,50,38,16,22
262,75,38,16,22
262,100,38,16,22
263,0,54,54,0
263,5,54,53,1
263,10,54,52,2
263,20,54,50,4
263,35,54,47,7
263,50,54,47,7
263,75,54,47,7
263,100,54,44,10
264,0,53,53,0
264,5,53,53,0
264,10,53,51,2
264,20,53,51,2
264,35,53,50,3
264,50,53,50,3
264,75,53,50,3
264,100,53,50,3
265,0,22,22,0
265,5,22,22,0
265,10,22,21,1
265,20,22,21,1
265,35,22,20,2
265,50,22,20,2
265,75,22,20,2
265,100,22,20,2
266,0,39,39,0
266,5,39,39,0
266,10,39,39,0
266,20,39,39,0
266,35,39,35,4
266,50,39,35,4
266,75,39,35,4
266,100,39,35,4
267,0,41,41,0
267,5,41,40,1
267,10,41,39,2
267,20,41,38,3
267,35,41,32,9
267,50,41,32,9
267,75,41,32,9
267,100,41,32,9
268,0,29,29,0
268,5,29,26,3
268,10,29,25,4
268,20,29,24,5
268,35,29,20,9
268,50,29,19,10
268,75,29,19,10
268,100,29,19,10
269,0,68,68,0
269,5,68,67,1
269,10,68,63,5
269,20,68,63,5
269,35,68,60,8
269,50,68,60,8
269,75,68,60,8
269,100,68,59,9
270,0,9,9,0
270,5,9,9,0
270,10,9,9,0
270,20,9,9,0
270,35,9,9,0
270,50,9,8,1
270,75,9,8,1
270,100,9,8,1
271,0,23,23,0
271,5,23,21,2
271,10,23,19,4
271,20,23,19,4
271,35,23,17,6
271,50,23,17,6
271,75,23,17,6
271,100,23,17,6
272,0,21,21,0
272,5,21,21,0
272,10,21,20,1
272,20,21,16,5
272,35,21,15,6
272,50,21,14,7
272,75,21,14,7
272,100,21,14,7
273,0,23,23,0
273,5,23,23,0
273,10,23,22,1
273,20,23,22,1
273,35,23,21,2
273,50,23,21,2
273,75,23,21,2
273,100,23,20,3
274,0,31,31,0
274,5,31,31,0
274,10,31,31,0
274,20,31,31,0
274,35,31,29,2
274,50,31,29,2
274,75,31,28,3
274,100,31,28,3
275,0,21,21,0
275,5,21,21,0
275,10,21,21,0
275,20,21,21,0
275,35,21,19,2
275,50,21,19,2
275,75,21,19,2
275,100,21,19,2
276,0,31,31,0
276,5,31,29,2
276,10,31,27,4
276,20,31,25,6
276,35,31,24,7
276,50,31,24,7
276,75,31,24,7
276,100,31,24,7
277,0,33,33,0
277,5,33,32,1
277,10,33,30,3
277,20,33,30,3
277,35,33,26,7
277,50,33,25,8
277,75,33,25,8
277,100,33,25,8
278,0,83,83,0
278,5,83,83,0
278,10,83,81,2
278,20,83,81,2
278,35,83,79,4
278,50,83,78,5
278,75,83,78,5
278,100,83,74,9
279,0,32,32,0
279,5,32,32,0
279,10,32,31,1
279,20,32,28,4
279,35,32,27,5
279,50,32,27,5
279,75,32,27,5
279,100,32,27,5
280,0,28,28,0
280,5,28,27,1
280,10,28,27,1
280,20,28,25,3
280,35,28,25,3
280,50,28,25,3
280,75,28,25,3
280,100,28,24,4
281,0,38,38,0
281,5,38,36,2
281,10,38,36,2
281,20,38,33,5
281,35,38,31,7
281,50,38,31,7
281,75,38,31,7
281,100,38,30,8
282,0,39,39,0
282,5,39,39,0
282,10,39,36,3
282,20,39,36,3
282,35,39,34,5
282,50,39,33,6
282,75,39,33,6
282,100,39,33,6
283,0,30,30,0
283,5,30,30,0
283,10,30,30,0
283,20,30,29,1
283,35,30,27,3
283,50,30,27,3
283,75,30,27,3
283,100,30,27,3
284,0,35,35,0
284,5,35,35,0
284,10,35,34,1
284,20,35,33,2
284,35,35,29,6
284,50,35,29,6
284,75,35,29,6
284,100,35,29,6
285,0,18,18,0
285,5,18,17,1
285,10,18,17,1
285,20,18,17,1
285,35,18,15,3
285,50,18,15,3
285,75,18,13,5
285,100,18,13,5
286,0,56,56,0
286,5,56,52,4
286,10,56,51,5
286,20,56,46,10
286,35,56,45,11
286,50,56,45,11
286,75,56,45,11
286,100,56,45,11
287,0,27,27,0
287,5,27,27,0
287,10,27,24,3
287,20,27,24,3
287,35,27,22,5
287,50,27,21,6
287,75,27,21,6
287,100,27,21,6
288,0,35,35,0
288,5,35,33,2
288,10,35,33,2
288,20,35,30,5
288,35,35,29,6
288,50,35,27,8
288,75,35,27,8
288,100,35,27,8
289,0,40,40,0
289,5,40,40,0
289,10,40,37,3
289,20,40,36,4
289,35,40,30,10
289,50,40,29,11
289,75,40,29,11
289,100,40,29,11
290,0,24,24,0
290,5,24,24,0
290,10,24,21,3
290,20,24,20,4
290,35,24,19,5
290,50,24,17,7
290,75,24,17,7
290,100,24,17,7
291,0,56,56,0
291,5,56,56,0
291,10,56,51,5
291,20,56,51,5
291,35,56,49,7
291,50,56,49,7
291,75,56,47,9
291,100,56,46,10
292,0,27,27,0
292,5,27,26,1
292,10,27,24,3
292,20,27,22,5
292,35,27,21,6
292,50,27,21,6
292,75,27,21,6
292,100,27,20,7
293,0,24,24,0
293,5,24,23,1
293,10,24,19,5
293,20,24,17,7
293,35,24,14,10
293,50,24,14,10
293,75,24,14,10
293,100,24,14,10
294,0,24,24,0
294,5,24,23,1
294,10,24,23,1
294,20,24,21,3
294,35,24,20,4
294,50,24,20,4
294,75,24,19,5
294,100,24,19,5
295,0,36,36,0
295,5,36,36,0
295,10,36,36,0
295,20,36,35,1
295,35,36,34,2
295,50,36,34,2
295,75,36,34,2
295,100,36,32,4
296,0,35,35,0
296,5,35,35,0
296,10,35,34,1
296,20,35,30,5
296,35,35,21,14
296,50,35,19,16
296,75,35,19,16
296,100,35,18,17
297,0,20,20,0
297,5,20,20,0
297,10,20,17,3
297,20,20,17,3
297,35,20,16,4
297,50,20,16,4
297,75,20,16,4
297,100,20,16,4
298,0,32,32,0
298,5,32,31,1
298,10,32,30,2
298,20,32,30,2
298,35,32,26,6
298,50,32,26,6
298,75,32,25,7
298,100,32,25,7
299,0,52,52,0
299,5,52,52,0
299,10,52,50,2
299,20,52,47,5
299,35,52,45,7
299,50,52,43,9
299,75,52,42,10
299,100,52,42,10
300,0,37,37,0
300,5,37,37,0
300,10,37,36,1
300,20,37,36,1
300,35,37,31,6
300,50,37,31,6
300,75,37,29,8
300,100,37,29,8
301,0,37,37,0
301,5,37,37,0
301,10,37,33,4
301,20,37,27,10
301,35,37,19,18
301,50,37,19,18
301,75,37,19,18
301,100,37,18,19
302,0,24,24,0
302,5,24,24,0
302,10,24,23,1
302,20,24,22,2
302,35,24,18,6
302,50,24,18,6
302,75,24,18,6
302,100,24,14,10
303,0,32,32,0
303,5,32,32,0
303,10,32,32,0
303,20,32,32,0
303,35,32,29,3
303,50,32,27,5
303,75,32,27,5
303,100,32,27,5
304,0,47,47,0
304,5,47,46,1
304,10,47,44,3
304,20,47,44,3
304,35,47,40,7
304,50,47,40,7
304,75,47,40,7
304,100,47,39,8
305,0,11,11,0
305,5,11,11,0
305,10,11,10,1
305,20,11,10,1
305,35,11,6,5
305,50,11,5,6
305,75,11,5,6
305,100,11,5,6
306,0,28,28,0
306,5,28,28,0
306,10,28,28,0
306,20,28,27,1
306,35,28,27,1
306,50,28,27,1
306,75,28,27,1
306,100,28,27,1
307,0,23,23,0
307,5,23,21,2
307,10,23,19,4
307,20,23,19,4
307,35,23,17,6
307,50,23,17,6
307,75,23,17,6
307,100,23,17,6
308,0,30,30,0
308,5,30,30,0
308,10,30,29,1
308,20,30,28,2
308,35,30,27,3
308,50,30,26,4
308,75,30,25,5
308,100,30,25,5
309,0,28,28,0
309,5,28,28,0
309,10,28,27,1
309,20,28,27,1
309,35,28,26,2
309,50,28,25,3
309,75,28,25,3
309,100,28,25,3
310,0,38,38,0
310,5,38,38,0
310,10,38,36,2
310,20,38,35,3
310,35,38,35,3
310,50,38,35,3
310,75,38,35,3
310,100,38,35,3
311,0,37,37,0
311,5,37,37,0
311,10,37,37,0
311,20,37,36,1
311,35,37,34,3
311,50,37,32,5
311,75,37,32,5
311,100,37,31,6
312,0,31,31,0
312,5,31,31,0
312,10,31,31,0
312,20,31,31,0
312,35,31,28,3
312,50,31,28,3
312,75,31,28,3
312,100,31,28,3
313,0,55,55,0
313,5,55,53,2
313,10,55,52,3
313,20,55,52,3
313,35,55,51,4
313,50,55,50,5
313,75,55,50,5
313,100,55,46,9
314,0,48,48,0
314,5,48,48,0
314,10,48,47,1
314,20,48,46,2
314,35,48,43,5
314,50,48,42,6
314,75,48,42,6
314,100,48,42,6
315,0,28,28,0
315,5,28,28,0
315,10,28,27,1
315,20,28,27,1
315,35,28,27,1
315,50,28,27,1
315,75,28,27,1
315,100,28,27,1
316,0,15,15,0
316,5,15,15,0
316,10,15,15,0
316,20,15,15,0
316,35,15,13,2
316,50,15,13,2
316,75,15,12,3
316,100,15,12,3
317,0,24,24,0
317,5,24,24,0
317,10,24,23,1
317,20,24,23,1
317,35,24,16,8
317,50,24,16,8
317,75,24,16,8
317,100,24,15,9
318,0,18,18,0
318,5,18,18,0
318,10,18,17,1
318,20,18,16,2
318,35,18,16,2
318,50,18,16,2
318,75,18,16,2
318,100,18,16,2
319,0,28,28,0
319,5,28,27,1
319,10,28,27,1
319,20,28,25,3
319,35,28,25,3
319,50,28,25,3
319,75,28,25,3
319,100,28,24,4
320,0,27,27,0
320,5,27,27,0
320,10,27,27,0
320,20,27,26,1
320,35,27,26,1
320,50,27,26,1
320,75,27,26,1
320,100,27,26,1
321,0,41,41,0
321,5,41,41,0
321,10,41,40,1
321,20,41,38,3
321,35,41,36,5
321,50,41,36,5
321,75,41,34,7
321,100,41,34,7
322,0,60,60,0
322,5,60,60,0
322,10,60,53,7
322,20,60,49,11
322,35,60,48,12
322,50,60,48,12
322,75,60,48,12
322,100,60,44,16
323,0,27,27,0
323,5,27,27,0
323,10,27,27,0
323,20,27,27,0
323,35,27,24,3
323,50,27,22,5
323,75,27,22,5
323,100,27,22,5
324,0,37,37,0
324,5,37,36,1
324,10,37,35,2
324,20,37,35,2
324,35,37,30,7
324,50,37,28,9
324,75,37,28,9
324,100,37,28,9
325,0,24,24,0
325,5,24,17,7
325,10,24,17,7
325,20,24,12,12
325,35,24,11,13
325,50,24,11,13
325,75,24,11,13
325,100,24,11,13
326,0,23,23,0
326,5,23,23,0
326,10,23,23,0
326,20,23,22,1
326,35,23,21,2
326,50,23,21,2
326,75,23,21,2
326,100,23,21,2
327,0,35,35,0
327,5,35,35,0
327,10,35,35,0
327,20,35,32,3
327,35,35,27,8
327,50,35,27,8
327,75,35,26,9
327,100,35,21,14
328,0,23,23,0
328,5,23,23,0
328,10,23,22,1
328,20,23,22,1
328,35,23,20,3
328,50,23,19,4
328,75,23,19,4
328,100,23,19,4
329,0,23,23,0
329,5,23,23,0
329,10,23,23,0
329,20,23,23,0
329,35,23,22,1
329,50,23,22,1
329,75,23,22,1
329,100,23,22,1
330,0,33,33,0
330,5,33,30,3
330,10,33,22,11
330,20,33,22,11
330,35,33,21,12
330,50,33,20,13
330,75,33,20,13
330,100,33,20,13
331,0,17,17,0
331,5,17,15,2
331,10,17,12,5
331,20,17,11,6
331,35,17,11,6
331,50,17,11,6
331,75,17,11,6
331,100,17,11,6
332,0,23,23,0
332,5,23,23,0
332,10,23,21,2
332,20,23,21,2
332,35,23,17,6
332,50,23,17,6
332,75,23,17,6
332,100,23,17,6
333,0,28,28,0
333,5,28,27,1
333,10,28,27,1
333,20,28,25,3
333,35,28,25,3
333,50,28,25,3
333,75,28,25,3
333,100,28,25,3
334,0,29,29,0
334,5,29,28,1
334,10,29,28,1
334,20,29,21,8
334,35,29,20,9
334,50,29,20,9
334,75,29,20,9
334,100,29,20,9
335,0,35,35,0
335,5,35,35,0
335,10,35,35,0
335,20,35,34,1
335,35,35,28,7
335,50,35,28,7
335,75,35,28,7
335,100,35,27,8
336,0,29,29,0
336,5,29,29,0
336,10,29,27,2
336,20,29,26,3
336,35,29,23,6
336,50,29,23,6
336,75,29,23,6
336,100,29,23,6
337,0,32,32,0
337,5,32,32,0
337,10,32,31,1
337,20,32,31,1
337,35,32,29,3
337,50,32,27,5
337,75,32,27,5
337,100,32,27,5
338,0,19,19,0
338,5,19,19,0
338,10,19,19,0
338,20,19,19,0
338,35,19,19,0
338,50,19,19,0
338,75,19,19,0
338,100,19,19,0
339,0,21,21,0
339,5,21,20,1
339,10,21,20,1
339,20,21,16,5
339,35,21,14,7
339,50,21,14,7
339,75,21,14,7
339,100,21,14,7
340,0,30,30,0
340,5,30,30,0
340,10,30,30,0
340,20,30,30,0
340,35,30,30,0
340,50,30,30,0
340,75,30,30,0
340,100,30,30,0
341,0,21,21,0
341,5,21,18,3
341,10,21,17,4
341,20,21,16,5
341,35,21,15,6
341,50,21,14,7
341,75,21,14,7
341,100,21,14,7
342,0,28,28,0
342,5,28,27,1
342,10,28,26,2
342,20,28,23,5
342,35,28,21,7
342,50,28,21,7
342,75,28,21,7
342,100,28,21,7
343,0,39,39,0
343,5,39,39,0
343,10,39,38,1
343,20,39,36,3
343,35,39,32,7
343,50,39,32,7
343,75,39,31,8
343,100,39,28,11
344,0,20,20,0
344,5,20,19,1
344,10,20,17,3
344,20,20,17,3
344,35,20,16,4
344,50,20,16,4
344,75,20,16,4
344,100,20,16,4
345,0,36,36,0
345,5,36,34,2
345,10,36,33,3
345,20,36,32,4
345,35,36,20,16
345,50,36,20,16
345,75,36,20,16
345,100,36,19,17
346,0,25,25,0
346,5,25,24,1
346,10,25,22,3
346,20,25,21,4
346,35,25,19,6
346,50,25,17,8
346,75,25,17,8
346,100,25,17,8
347,0,20,20,0
347,5,20,20,0
347,10,20,20,0
347,20,20,20,0
347,35,20,19,1
347,50,20,19,1
347,75,20,17,3
347,100,20,17,3
348,0,17,17,0
348,5,17,17,0
348,10,17,17,0
348,20,17,14,3
348,35,17,12,5
348,50,17,12,5
348,75,17,12,5
348,100,17,12,5
349,0,22,22,0
349,5,22,22,0
349,10,22,21,1
349,20,22,19,3
349,35,22,18,4
349,50,22,18,4
349,75,22,18,4
349,100,22,18,4
350,0,38,38,0
350,5,38,38,0
350,10,38,38,0
350,20,38,38,0
350,35,38,37,1
350,50,38,36,2
350,75,38,36,2
350,100,38,33,5
351,0,30,30,0
351,5,30,30,0
351,10,30,30,0
351,20,30,29,1
351,35,30,28,2
351,50,30,28,2
351,75,30,28,2
351,100,30,28,2
352,0,32,32,0
352,5,32,32,0
352,10,32,30,2
352,20,32,29,3
352,35,32,25,7
352,50,32,25,7
352,75,32,25,7
352,100,32,23,9
353,0,18,18,0
353,5,18,15,3
353,10,18,13,5
353,20,18,13,5
353,35,18,10,8
353,50,18,10,8
353,75,18,10,8
353,100,18,10,8
354,0,20,20,0
354,5,20,20,0
354,10,20,20,0
354,20,20,19,1
354,35,20,17,3
354,50,20,17,3
354,75,20,17,3
354,100,20,17,3
355,0,45,45,0
355,5,45,42,3
355,10,45,36,9
355,20,45,35,10
355,35,45,34,11
355,50,45,34,11
355,75,45,34,11
355,100,45,34,11
356,0,42,42,0
356,5,42,38,4
356,10,42,35,7
356,20,42,34,8
356,35,42,30,12
356,50,42,30,12
356,75,42,30,12
356,100,42,30,12
357,0,26,26,0
357,5,26,23,3
357,10,26,21,5
357,20,26,21,5
357,35,26,18,8
357,50,26,18,8
357,75,26,18,8
357,100,26,18,8
358,0,82,82,0
358,5,82,82,0
358,10,82,82,0
358,20,82,82,0
358,35,82,78,4
358,50,82,78,4
358,75,82,78,4
358,100,82,78,4
359,0,48,48,0
359,5,48,47,1
359,10,48,45,3
359,20,48,42,6
359,35,48,32,16
359,50,48,32,16
359,75,48,32,16
359,100,48,32,16
360,0,23,23,0
360,5,23,23,0
360,10,23,22,1
360,20,23,22,1
360,35,23,19,4
360,50,23,19,4
360,75,23,18,5
360,100,23,18,5
361,0,19,19,0
361,5,19,19,0
361,10,19,19,0
361,20,19,18,1
361,35,19,17,2
361,50,19,17,2
361,75,19,17,2
361,100,19,17,2
362,0,47,47,0
362,5,47,47,0
362,10,47,46,1
362,20,47,44,3
362,35,47,41,6
362,50,47,40,7
362,75,47,40,7
362,100,47,40,7
363,0,40,40,0
363,5,40,39,1
363,10,40,38,2
363,20,40,38,2
363,35,40,36,4
363,50,40,36,4
363,75,40,36,4
363,100,40,36,4
364,0,49,49,0
364,5,49,45,4
364,10,49,41,8
364,20,49,41,8
364,35,49,37,12
364,50,49,37,12
364,75,49,36,13
364,100,49,36,13
365,0,36,36,0
365,5,36,36,0
365,10,36,35,1
365,20,36,33,3
365,35,36,33,3
365,50,36,33,3
365,75,36,33,3
365,100,36,33,3
366,0,18,18,0
366,5,18,18,0
366,10,18,18,0
366,20,18,17,1
366,35,18,17,1
366,50,18,17,1
366,75,18,17,1
366,100,18,16,2
367,0,39,39,0
367,5,39,39,0
367,10,39,39,0
367,20,39,39,0
367,35,39,39,0
367,50,39,38,1
367,75,39,38,1
367,100,39,38,1
368,0,48,48,0
368,5,48,48,0
368,10,48,44,4
368,20,48,44,4
368,35,48,41,7
368,50,48,41,7
368,75,48,40,8
368,100,48,26,22
369,0,84,84,0
369,5,84,78,6
369,10,84,73,11
369,20,84,71,13
369,35,84,64,20
369,50,84,63,21
369,75,84,62,22
369,100,84,61,23
370,0,32,32,0
370,5,32,32,0
370,10,32,29,3
370,20,32,25,7
370,35,32,23,9
370,50,32,23,9
370,75,32,23,9
370,100,32,21,11
371,0,35,35,0
371,5,35,34,1
371,10,35,29,6
371,20,35,28,7
371,35,35,24,11
371,50,35,24,11
371,75,35,24,11
371,100,35,24,11
372,0,22,22,0
372,5,22,22,0
372,10,22,19,3
372,20,22,16,6
372,35,22,15,7
372,50,22,15,7
372,75,22,15,7
372,100,22,9,13
373,0,53,53,0
373,5,53,52,1
373,10,53,49,4
373,20,53,49,4
373,35,53,39,14
373,50,53,38,15
373,75,53,36,17
373,100,53,36,17
374,0,13,13,0
374,5,13,12,1
374,10,13,11,2
374,20,13,11,2
374,35,13,10,3
374,50,13,10,3
374,75,13,9,4
374,100,13,9,4
375,0,37,37,0
375,5,37,37,0
375,10,37,37,0
375,20,37,37,0
375,35,37,33,4
375,50,37,33,4
375,75,37,33,4
375,100,37,32,5
376,0,27,27,0
376,5,27,25,2
376,10,27,25,2
376,20,27,25,2
376,35,27,23,4
376,50,27,23,4
376,75,27,23,4
376,100,27,23,4
377,0,34,34,0
377,5,34,34,0
377,10,34,30,4
377,20,34,30,4
377,35,34,28,6
377,50,34,28,6
377,75,34,28,6
377,100,34,28,6
378,0,25,25,0
378,5,25,25,0
378,10,25,23,2
378,20,25,23,2
378,35,25,23,2
378,50,25,21,4
378,75,25,21,4
378,100,25,20,5
379,0,24,24,0
379,5,24,24,0
379,10,24,24,0
379,20,24,22,2
379,35,24,18,6
379,50,24,17,7
379,75,24,17,7
379,100,24,17,7
380,0,34,34,0
380,5,34,34,0
380,10,34,34,0
380,20,34,34,0
380,35,34,32,2
380,50,34,31,3
380,75,34,31,3
380,100,34,30,4
381,0,49,49,0
381,5,49,49,0
381,10,49,47,2
381,20,49,47,2
381,35,49,44,5
381,50,49,43,6
381,75,49,43,6
381,100,49,43,6
382,0,27,27,0
382,5,27,25,2
382,10,27,25,2
382,20,27,25,2
382,35,27,21,6
382,50,27,21,6
382,75,27,21,6
382,100,27,21,6
383,0,41,41,0
383,5,41,41,0
383,10,41,41,0
383,20,41,38,3
383,35,41,28,13
383,50,41,24,17
383,75,41,24,17
383,100,41,24,17
384,0,23,23,0
384,5,23,20,3
384,10,23,18,5
384,20,23,18,5
384,35,23,17,6
384,50,23,17,6
384,75,23,15,8
384,100,23,15,8
385,0,24,24,0
385,5,24,23,1
385,10,24,19,5
385,20,24,19,5
385,35,24,18,6
385,50,24,18,6
385,75,24,18,6
385,100,24,18,6
386,0,39,39,0
386,5,39,39,0
386,10,39,39,0
386,20,39,37,2
386,35,39,30,9
386,50,39,26,13
386,75,39,26,13
386,100,39,15,24
387,0,36,36,0
387,5,36,36,0
387,10,36,34,2
387,20,36,33,3
387,35,36,28,8
387,50,36,28,8
387,75,36,24,12
387,100,36,24,12
388,0,54,54,0
388,5,54,53,1
388,10,54,52,2
388,20,54,50,4
388,35,54,47,7
388,50,54,47,7
388,75,54,47,7
388,100,54,44,10
389,0,37,37,0
389,5,37,36,1
389,10,37,35,2
389,20,37,35,2
389,35,37,31,6
389,50,37,31,6
389,75,37,31,6
389,100,37,31,6
390,0,43,43,0
390,5,43,43,0
390,10,43,41,2
390,20,43,41,2
390,35,43,33,10
390,50,43,33,10
390,75,43,33,10
390,100,43,33,10
391,0,31,31,0
391,5,31,31,0
391,10,31,30,1
391,20,31,28,3
391,35,31,27,4
391,50,31,27,4
391,75,31,27,4
391,100,31,27,4
392,0,20,20,0
392,5,20,20,0
392,10,20,19,1
392,20,20,18,2
392,35,20,16,4
392,50,20,16,4
392,75,20,16,4
392,100,20,16,4
393,0,46,46,0
393,5,46,45,1
393,10,46,42,4
393,20,46,41,5
393,35,46,38,8
393,50,46,37,9
393,75,46,37,9
393,100,46,37,9
394,0,52,52,0
394,5,52,52,0
394,10,52,50,2
394,20,52,46,6
394,35,52,44,8
394,50,52,43,9
394,75,52,42,10
394,100,52,40,12
395,0,31,31,0
395,5,31,29,2
395,10,31,29,2
395,20,31,28,3
395,35,31,28,3
395,50,31,28,3
395,75,31,27,4
395,100,31,27,4
396,0,31,31,0
396,5,31,29,2
396,10,31,28,3
396,20,31,25,6
396,35,31,25,6
396,50,31,25,6
396,75,31,25,6
396,100,31,25,6
397,0,69,69,0
397,5,69,68,1
397,10,69,67,2
397,20,69,66,3
397,35,69,54,15
397,50,69,53,16
397,75,69,53,16
397,100,69,50,19
398,0,61,61,0
398,5,61,60,1
398,10,61,59,2
398,20,61,57,4
398,35,61,49,12
398,50,61,49,12
398,75,61,49,12
398,100,61,48,13
399,0,26,26,0
399,5,26,25,1
399,10,26,25,1
399,20,26,25,1
399,35,26,24,2
399,50,26,22,4
399,75,26,22,4
399,100,26,22,4
400,0,34,34,0
400,5,34,34,0
400,10,34,33,1
400,20,34,30,4
400,35,34,30,4
400,50,34,30,4
400,75,34,27,7
400,100,34,27,7
401,0,28,28,0
401,5,28,27,1
401,10,28,27,1
401,20,28,26,2
401,35,28,23,5
401,50,28,23,5
401,75,28,23,5
401,100,28,22,6
402,0,55,55,0
402,5,55,55,0
402,10,55,55,0
402,20,55,55,0
402,35,55,55,0
402,50,55,55,0
402,75,55,55,0
402,100,55,53,2
403,0,29,29,0
403,5,29,29,0
403,10,29,29,0
403,20,29,28,1
403,35,29,24,5
403,50,29,24,5
403,75,29,23,6
403,100,29,23,6
404,0,42,42,0
404,5,42,42,0
404,10,42,41,1
404,20,42,41,1
404,35,42,40,2
404,50,42,40,2
404,75,42,40,2
404,100,42,40,2
405,0,26,26,0
405,5,26,25,1
405,10,26,24,2
405,20,26,20,6
405,35,26,11,15
405,50,26,11,15
405,75,26,11,15
405,100,26,11,15
406,0,25,25,0
406,5,25,24,1
406,10,25,22,3
406,20,25,21,4
406,35,25,19,6
406,50,25,17,8
406,75,25,17,8
406,100,25,17,8
407,0,21,21,0
407,5,21,21,0
407,10,21,20,1
407,20,21,18,3
407,35,21,17,4
407,50,21,17,4
407,75,21,17,4
407,100,21,17,4
408,0,13,13,0
408,5,13,13,0
408,10,13,13,0
408,20,13,13,0
408,35,13,11,2
408,50,13,11,2
408,75,13,11,2
408,100,13,11,2
409,0,28,28,0
409,5,28,28,0
409,10,28,25,3
409,20,28,24,4
409,35,28,21,7
409,50,28,21,7
409,75,28,21,7
409,100,28,21,7
410,0,33,33,0
410,5,33,33,0
410,10,33,33,0
410,20,33,32,1
410,35,33,32,1
410,50,33,32,1
410,75,33,32,1
410,100,33,31,2
411,0,24,24,0
411,5,24,24,0
411,10,24,22,2
411,20,24,22,2
411,35,24,21,3
411,50,24,21,3
411,75,24,21,3
411,100,24,21,3
412,0,18,18,0
412,5,18,17,1
412,10,18,16,2
412,20,18,16,2
412,35,18,16,2
412,50,18,16,2
412,75,18,16,2
412,100,18,16,2
413,0,37,37,0
413,5,37,37,0
413,10,37,37,0
413,20,37,33,4
413,35,37,28,9
413,50,37,28,9
413,75,37,28,9
413,100,37,28,9
414,0,46,46,0
414,5,46,46,0
414,10,46,43,3
414,20,46,43,3
414,35,46,37,9
414,50,46,37,9
414,75,46,37,9
414,100,46,37,9
415,0,40,40,0
415,5,40,39,1
415,10,40,39,1
415,20,40,38,2
415,35,40,31,9
415,50,40,31,9
415,75,40,31,9
415,100,40,31,9
416,0,29,29,0
416,5,29,28,1
416,10,29,28,1
416,20,29,28,1
416,35,29,25,4
416,50,29,24,5
416,75,29,24,5
416,100,29,24,5
417,0,29,29,0
417,5,29,28,1
417,10,29,27,2
417,20,29,26,3
417,35,29,24,5
417,50,29,24,5
417,75,29,24,5
417,100,29,23,6
418,0,37,37,0
418,5,37,37,0
418,10,37,36,1
418,20,37,36,1
418,35,37,31,6
418,50,37,31,6
418,75,37,29,8
418,100,37,29,8
419,0,56,56,0
419,5,56,56,0
419,10,56,55,1
419,20,56,55,1
419,35,56,52,4
419,50,56,52,4
419,75,56,52,4
419,100,56,52,4
420,0,36,36,0
420,5,36,36,0
420,10,36,34,2
420,20,36,32,4
420,35,36,31,5
420,50,36,31,5
420,75,36,31,5
420,100,36,24,12
421,0,23,23,0
421,5,23,22,1
421,10,23,21,2
421,20,23,20,3
421,35,23,17,6
421,50,23,17,6
421,75,23,17,6
421,100,23,16,7
422,0,25,25,0
422,5,25,24,1
422,10,25,22,3
422,20,25,21,4
422,35,25,19,6
422,50,25,17,8
422,75,25,17,8
422,100,25,17,8
423,0,32,32,0
423,5,32,31,1
423,10,32,29,3
423,20,32,27,5
423,35,32,25,7
423,50,32,25,7
423,75,32,25,7
423,100,32,25,7
424,0,25,25,0
424,5,25,25,0
424,10,25,24,1
424,20,25,22,3
424,35,25,21,4
424,50,25,21,4
424,75,25,21,4
424,100,25,21,4
425,0,20,20,0
425,5,20,20,0
425,10,20,20,0
425,20,20,19,1
425,35,20,17,3
425,50,20,17,3
425,75,20,17,3
425,100,20,17,3
426,0,63,63,0
426,5,63,63,0
426,10,63,63,0
426,20,63,62,1
426,35,63,58,5
426,50,63,58,5
426,75,63,58,5
426,100,63,58,5
427,0,15,15,0
427,5,15,15,0
427,10,15,15,0
427,20,15,12,3
427,35,15,5,10
427,50,15,5,10
427,75,15,5,10
427,100,15,5,10
428,0,56,56,0
428,5,56,56,0
428,10,56,48,8
428,20,56,46,10
428,35,56,43,13
428,50,56,42,14
428,75,56,42,14
428,100,56,41,15
429,0,42,42,0
429,5,42,42,0
429,10,42,40,2
429,20,42,39,3
429,35,42,37,5
429,50,42,37,5
429,75,42,37,5
429,100,42,37,5
430,0,21,21,0
430,5,21,21,0
430,10,21,20,1
430,20,21,18,3
430,35,21,18,3
430,50,21,17,4
430,75,21,17,4
430,100,21,17,4
431,0,34,34,0
431,5,34,33,1
431,10,34,30,4
431,20,34,30,4
431,35,34,26,8
431,50,34,25,9
431,75,34,25,9
431,100,34,24,10
432,0,48,48,0
432,5,48,47,1
432,10,48,47,1
432,20,48,47,1
432,35,48,42,6
432,50,48,41,7
432,75,48,41,7
432,100,48,41,7
433,0,73,73,0
433,5,73,73,0
433,10,73,67,6
433,20,73,63,10
433,35,73,57,16
433,50,73,56,17
433,75,73,55,18
433,100,73,55,18
434,0,54,54,0
434,5,54,53,1
434,10,54,50,4
434,20,54,49,5
434,35,54,40,14
434,50,54,38,16
434,75,54,37,17
434,100,54,37,17
435,0,40,40,0
435,5,40,39,1
435,10,40,39,1
435,20,40,38,2
435,35,40,31,9
435,50,40,31,9
435,75,40,31,9
435,100,40,31,9
436,0,21,21,0
436,5,21,21,0
436,10,21,20,1
436,20,21,19,2
436,35,21,17,4
436,50,21,17,4
436,75,21,17,4
436,100,21,17,4
437,0,20,20,0
437,5,20,20,0
437,10,20,19,1
437,20,20,18,2
437,35,20,17,3
437,50,20,17,3
437,75,20,17,3
437,100,20,17,3
438,0,27,27,0
438,5,27,27,0
438,10,27,26,1
438,20,27,24,3
438,35,27,23,4
438,50,27,22,5
438,75,27,21,6
438,100,27,20,7
439,0,46,46,0
439,5,46,45,1
439,10,46,43,3
439,20,46,42,4
439,35,46,34,12
439,50,46,33,13
439,75,46,33,13
439,100,46,33,13
440,0,95,95,0
440,5,95,93,2
440,10,95,87,8
440,20,95,84,11
440,35,95,76,19
440,50,95,72,23
440,75,95,71,24
440,100,95,67,28
441,0,20,20,0
441,5,20,20,0
441,10,20,18,2
441,20,20,18,2
441,35,20,14,6
441,50,20,14,6
441,75,20,14,6
441,100,20,14,6
442,0,18,18,0
442,5,18,18,0
442,10,18,18,0
442,20,18,18,0
442,35,18,15,3
442,50,18,15,3
442,75,18,15,3
442,100,18,15,3
443,0,15,15,0
443,5,15,15,0
443,10,15,15,0
443,20,15,15,0
443,35,15,13,2
443,50,15,13,2
443,75,15,12,3
443,100,15,12,3
444,0,26,26,0
444,5,26,23,3
444,10,26,21,5
444,20,26,21,5
444,35,26,18,8
444,50,26,18,8
444,75,26,16,10
444,100,26,16,10
445,0,27,27,0
445,5,27,25,2
445,10,27,21,6
445,20,27,21,6
445,35,27,19,8
445,50,27,19,8
445,75,27,19,8
445,100,27,19,8
446,0,37,37,0
446,5,37,37,0
446,10,37,36,1
446,20,37,36,1
446,35,37,35,2
446,50,37,35,2
446,75,37,35,2
446,100,37,35,2
447,0,56,56,0
447,5,56,56,0
447,10,56,54,2
447,20,56,52,4
447,35,56,50,6
447,50,56,48,8
447,75,56,48,8
447,100,56,48,8
448,0,17,17,0
448,5,17,17,0
448,10,17,17,0
448,20,17,17,0
448,35,17,17,0
448,50,17,17,0
448,75,17,17,0
448,100,17,15,2
449,0,26,26,0
449,5,26,24,2
449,10,26,19,7
449,20,26,18,8
449,35,26,15,11
449,50,26,14,12
449,75,26,13,13
449,100,26,13,13
450,0,34,34,0
450,5,34,34,0
450,10,34,34,0
450,20,34,34,0
450,35,34,31,3
450,50,34,31,3
450,75,34,30,4
450,100,34,28,6
451,0,33,33,0
451,5,33,32,1
451,10,33,31,2
451,20,33,29,4
451,35,33,29,4
451,50,33,28,5
451,75,33,28,5
451,100,33,28,5
452,0,16,16,0
452,5,16,16,0
452,10,16,16,0
452,20,16,16,0
452,35,16,16,0
452,50,16,16,0
452,75,16,15,1
452,100,16,15,1
453,0,35,35,0
453,5,35,35,0
453,10,35,34,1
453,20,35,34,1
453,35,35,31,4
453,50,35,31,4
453,75,35,31,4
453,100,35,31,4
454,0,23,23,0
454,5,23,23,0
454,10,23,22,1
454,20,23,22,1
454,35,23,21,2
454,50,23,21,2
454,75,23,21,2
454,100,23,20,3
455,0,24,24,0
455,5,24,23,1
455,10,24,22,2
455,20,24,22,2
455,35,24,17,7
455,50,24,17,7
455,75,24,17,7
455,100,24,17,7
456,0,25,25,0
456,5,25,25,0
456,10,25,25,0
456,20,25,25,0
456,35,25,25,0
456,50,25,24,1
456,75,25,24,1
456,100,25,24,1
457,0,38,38,0
457,5,38,37,1
457,10,38,37,1
457,20,38,36,2
457,35,38,33,5
457,50,38,32,6
457,75,38,32,6
457,100,38,32,6
458,0,19,19,0
458,5,19,15,4
458,10,19,13,6
458,20,19,12,7
458,35,19,11,8
458,50,19,11,8
458,75,19,9,10
458,100,19,9,10
459,0,53,53,0
459,5,53,53,0
459,10,53,53,0
459,20,53,53,0
459,35,53,50,3
459,50,53,46,7
459,75,53,44,9
459,100,53,44,9
460,0,33,33,0
460,5,33,33,0
460,10,33,33,0
460,20,33,32,1
460,35,33,29,4
460,50,33,27,6
460,75,33,27,6
460,100,33,26,7
461,0,27,27,0
461,5,27,27,0
461,10,27,23,4
461,20,27,22,5
461,35,27,20,7
461,50,27,16,11
461,75,27,14,13
461,100,27,13,14
462,0,83,83,0
462,5,83,83,0
462,10,83,79,4
462,20,83,78,5
462,35,83,72,11
462,50,83,66,17
462,75,83,65,18
462,100,83,65,18
463,0,43,43,0
463,5,43,42,1
463,10,43,41,2
463,20,43,40,3
463,35,43,40,3
463,50,43,40,3
463,75,43,38,5
463,100,43,38,5
464,0,44,44,0
464,5,44,44,0
464,10,44,39,5
464,20,44,37,7
464,35,44,35,9
464,50,44,34,10
464,75,44,34,10
464,100,44,34,10
465,0,47,47,0
465,5,47,46,1
465,10,47,45,2
465,20,47,44,3
465,35,47,30,17
465,50,47,30,17
465,75,47,30,17
465,100,47,30,17
466,0,19,19,0
466,5,19,19,0
466,10,19,16,3
466,20,19,14,5
466,35,19,11,8
466,50,19,11,8
466,75,19,11,8
466,100,19,11,8
467,0,26,26,0
467,5,26,25,1
467,10,26,20,6
467,20,26,18,8
467,35,26,16,10
467,50,26,11,15
467,75,26,11,15
467,100,26,11,15
468,0,20,20,0
468,5,20,19,1
468,10,20,19,1
468,20,20,18,2
468,35,20,15,5
468,50,20,15,5
468,75,20,15,5
468,100,20,15,5
469,0,34,34,0
469,5,34,32,2
469,10,34,30,4
469,20,34,28,6
469,35,34,24,10
469,50,34,24,10
469,75,34,23,11
469,100,34,23,11
470,0,24,24,0
470,5,24,23,1
470,10,24,23,1
470,20,24,22,2
470,35,24,18,6
470,50,24,17,7
470,75,24,17,7
470,100,24,17,7
471,0,40,40,0
471,5,40,40,0
471,10,40,39,1
471,20,40,35,5
471,35,40,31,9
471,50,40,31,9
471,75,40,31,9
471,100,40,29,11
472,0,23,23,0
472,5,23,23,0
472,10,23,21,2
472,20,23,20,3
472,35,23,19,4
472,50,23,19,4
472,75,23,19,4
472,100,23,19,4
473,0,22,22,0
473,5,22,22,0
473,10,22,19,3
473,20,22,16,6
473,35,22,15,7
473,50,22,15,7
473,75,22,15,7
473,100,22,9,13
474,0,32,32,0
474,5,32,32,0
474,10,32,32,0
474,20,32,32,0
474,35,32,29,3
474,50,32,28,4
474,75,32,28,4
474,100,32,28,4
475,0,20,20,0
475,5,20,20,0
475,10,20,20,0
475,20,20,20,0
475,35,20,20,0
475,50,20,20,0
475,75,20,20,0
475,100,20,20,0
476,0,30,30,0
476,5,30,30,0
476,10,30,30,0
476,20,30,29,1
476,35,30,28,2
476,50,30,28,2
476,75,30,28,2
476,100,30,28,2
477,0,23,23,0
477,5,23,23,0
477,10,23,23,0
477,20,23,22,1
477,35,23,19,4
477,50,23,18,5
477,75,23,18,5
477,100,23,18,5
478,0,34,34,0
478,5,34,33,1
478,10,34,30,4
478,20,34,27,7
478,35,34,26,8
478,50,34,25,9
478,75,34,25,9
478,100,34,25,9
479,0,20,20,0
479,5,20,20,0
479,10,20,18,2
479,20,20,18,2
479,35,20,14,6
479,50,20,14,6
479,75,20,14,6
479,100,20,14,6
480,0,34,34,0
480,5,34,34,0
480,10,34,33,1
480,20,34,32,2
480,35,34,27,7
480,50,34,26,8
480,75,34,25,9
480,100,34,25,9
481,0,40,40,0
481,5,40,38,2
481,10,40,33,7
481,20,40,33,7
481,35,40,27,13
481,50,40,25,15
481,75,40,24,16
481,100,40,24,16
482,0,37,37,0
482,5,37,37,0
482,10,37,34,3
482,20,37,34,3
482,35,37,30,7
482,50,37,30,7
482,75,37,29,8
482,100,37,29,8
483,0,23,23,0
483,5,23,21,2
483,10,23,18,5
483,20,23,17,6
483,35,23,16,7
483,50,23,16,7
483,75,23,16,7
483,100,23,16,7
484,0,31,31,0
484,5,31,31,0
484,10,31,30,1
484,20,31,29,2
484,35,31,29,2
484,50,31,29,2
484,75,31,29,2
484,100,31,29,2
485,0,44,44,0
485,5,44,44,0
485,10,44,41,3
485,20,44,41,3
485,35,44,40,4
485,50,44,40,4
485,75,44,40,4
485,100,44,40,4
486,0,109,109,0
486,5,109,105,4
486,10,109,104,5
486,20,109,102,7
486,35,109,97,12
486,50,109,95,14
486,75,109,94,15
486,100,109,94,15
487,0,31,31,0
487,5,31,31,0
487,10,31,29,2
487,20,31,26,5
487,35,31,25,6
487,50,31,25,6
487,75,31,24,7
487,100,31,24,7
488,0,35,35,0
488,5,35,35,0
488,10,35,34,1
488,20,35,33,2
488,35,35,28,7
488,50,35,27,8
488,75,35,27,8
488,100,35,25,10
489,0,54,54,0
489,5,54,52,2
489,10,54,50,4
489,20,54,49,5
489,35,54,47,7
489,50,54,47,7
489,75,54,47,7
489,100,54,43,11
490,0,24,24,0
490,5,24,23,1
490,10,24,21,3
490,20,24,20,4
490,35,24,19,5
490,50,24,19,5
490,75,24,19,5
490,100,24,18,6
491,0,24,24,0
491,5,24,24,0
491,10,24,24,0
491,20,24,23,1
491,35,24,14,10
491,50,24,14,10
491,75,24,14,10
491,100,24,13,11
492,0,36,36,0
492,5,36,36,0
492,10,36,34,2
492,20,36,29,7
492,35,36,28,8
492,50,36,27,9
492,75,36,27,9
492,100,36,27,9
493,0,28,28,0
493,5,28,27,1
493,10,28,26,2
493,20,28,25,3
493,35,28,20,8
493,50,28,18,10
493,75,28,17,11
493,100,28,17,11
494,0,61,61,0
494,5,61,59,2
494,10,61,59,2
494,20,61,58,3
494,35,61,51,10
494,50,61,51,10
494,75,61,51,10
494,100,61,51,10
495,0,19,19,0
495,5,19,19,0
495,10,19,19,0
495,20,19,19,0
495,35,19,19,0
495,50,19,19,0
495,75,19,19,0
495,100,19,19,0
496,0,47,47,0
496,5,47,45,2
496,10,47,42,5
496,20,47,41,6
496,35,47,39,8
496,50,47,39,8
496,75,47,39,8
496,100,47,39,8
497,0,30,30,0
497,5,30,29,1
497,10,30,25,5
497,20,30,23,7
497,35,30,23,7
497,50,30,19,11
497,75,30,19,11
497,100,30,19,11
498,0,23,23,0
498,5,23,21,2
498,10,23,19,4
498,20,23,19,4
498,35,23,17,6
498,50,23,17,6
498,75,23,17,6
498,100,23,17,6
499,0,70,70,0
499,5,70,70,0
499,10,70,70,0
499,20,70,69,1
499,35,70,66,4
499,50,70,66,4
499,75,70,66,4
499,100,70,66,4
500,0,21,21,0
500,5,21,21,0
500,10,21,20,1
500,20,21,19,2
500,35,21,18,3
500,50,21,18,3
500,75,21,18,3
500,100,21,18,3
501,0,57,57,0
501,5,57,56,1
501,10,57,56,1
501,20,57,54,3
501,35,57,50,7
501,50,57,50,7
501,75,57,50,7
501,100,57,49,8
502,0,18,18,0
502,5,18,18,0
502,10,18,17,1
502,20,18,15,3
502,35,18,14,4
502,50,18,14,4
502,75,18,14,4
502,100,18,14,4
503,0,49,49,0
503,5,49,48,1
503,10,49,42,7
503,20,49,39,10
503,35,49,34,15
503,50,49,32,17
503,75,49,32,17
503,100,49,32,17
504,0,44,44,0
504,5,44,42,2
504,10,44,40,4
504,20,44,39,5
504,35,44,38,6
504,50,44,38,6
504,75,44,38,6
504,100,44,38,6
505,0,47,47,0
505,5,47,46,1
505,10,47,45,2
505,20,47,44,3
505,35,47,43,4
505,50,47,43,4
505,75,47,42,5
505,100,47,42,5
506,0,31,31,0
506,5,31,31,0
506,10,31,31,0
506,20,31,31,0
506,35,31,30,1
506,50,31,28,3
506,75,31,28,3
506,100,31,25,6
507,0,29,29,0
507,5,29,29,0
507,10,29,29,0
507,20,29,29,0
507,35,29,29,0
507,50,29,27,2
507,75,29,27,2
507,100,29,27,2
508,0,24,24,0
508,5,24,23,1
508,10,24,20,4
508,20,24,19,5
508,35,24,18,6
508,50,24,18,6
508,75,24,18,6
508,100,24,16,8
509,0,34,34,0
509,5,34,34,0
509,10,34,34,0
509,20,34,34,0
509,35,34,31,3
509,50,34,31,3
509,75,34,31,3
509,100,34,30,4
510,0,51,51,0
510,5,51,51,0
510,10,51,49,2
510,20,51,46,5
510,35,51,45,6
510,50,51,44,7
510,75,51,44,7
510,100,51,44,7
511,0,29,29,0
511,5,29,29,0
511,10,29,29,0
511,20,29,29,0
511,35,29,26,3
511,50,29,26,3
511,75,29,25,4
511,100,29,24,5
512,0,18,18,0
512,5,18,16,2
512,10,18,16,2
512,20,18,14,4
512,35,18,14,4
512,50,18,14,4
512,75,18,14,4
512,100,18,14,4
513,0,31,31,0
513,5,31,31,0
513,10,31,30,1
513,20,31,26,5
513,35,31,24,7
513,50,31,24,7
513,75,31,24,7
513,100,31,24,7
514,0,28,28,0
514,5,28,28,0
514,10,28,28,0
514,20,28,28,0
514,35,28,24,4
514,50,28,23,5
514,75,28,23,5
514,100,28,23,5
515,0,35,35,0
515,5,35,33,2
515,10,35,30,5
515,20,35,29,6
515,35,35,23,12
515,50,35,23,12
515,75,35,23,12
515,100,35,23,12
516,0,52,52,0
516,5,52,52,0
516,10,52,48,4
516,20,52,47,5
516,35,52,44,8
516,50,52,43,9
516,75,52,43,9
516,100,52,40,12
517,0,94,94,0
517,5,94,91,3
517,10,94,72,22
517,20,94,70,24
517,35,94,58,36
517,50,94,58,36
517,75,94,55,39
517,100,94,55,39
518,0,27,27,0
518,5,27,25,2
518,10,27,25,2
518,20,27,25,2
518,35,27,24,3
518,50,27,24,3
518,75,27,23,4
518,100,27,23,4
519,0,34,34,0
519,5,34,34,0
519,10,34,33,1
519,20,34,30,4
519,35,34,22,12
519,50,34,22,12
519,75,34,22,12
519,100,34,21,13
520,0,36,36,0
520,5,36,36,0
520,10,36,35,1
520,20,36,35,1
520,35,36,34,2
520,50,36,34,2
520,75,36,32,4
520,100,36,32,4
521,0,72,72,0
521,5,72,72,0
521,10,72,69,3
521,20,72,68,4
521,35,72,49,23
521,50,72,49,23
521,75,72,45,27
521,100,72,36,36
522,0,49,49,0
522,5,49,48,1
522,10,49,42,7
522,20,49,39,10
522,35,49,34,15
522,50,49,32,17
522,75,49,32,17
522,100,49,32,17
523,0,18,18,0
523,5,18,18,0
523,10,18,17,1
523,20,18,17,1
523,35,18,17,1
523,50,18,17,1
523,75,18,17,1
523,100,18,17,1
524,0,23,23,0
524,5,23,22,1
524,10,23,21,2
524,20,23,20,3
524,35,23,16,7
524,50,23,16,7
524,75,23,16,7
524,100,23,16,7
525,0,26,26,0
525,5,26,26,0
525,10,26,26,0
525,20,26,26,0
525,35,26,21,5
525,50,26,21,5
525,75,26,21,5
525,100,26,21,5
526,0,46,46,0
526,5,46,46,0
526,10,46,46,0
526,20,46,46,0
526,35,46,45,1
526,50,46,44,2
526,75,46,44,2
526,100,46,44,2
527,0,30,30,0
527,5,30,29,1
527,10,30,29,1
527,20,30,25,5
527,35,30,21,9
527,50,30,21,9
527,75,30,21,9
527,100,30,21,9
528,0,33,33,0
528,5,33,33,0
528,10,33,28,5
528,20,33,26,7
528,35,33,23,10
528,50,33,23,10
528,75,33,23,10
528,100,33,23,10
529,0,64,64,0
529,5,64,63,1
529,10,64,60,4
529,20,64,59,5
529,35,64,56,8
529,50,64,54,10
529,75,64,53,11
529,100,64,48,16
530,0,8,8,0
530,5,8,7,1
530,10,8,7,1
530,20,8,7,1
530,35,8,7,1
530,50,8,7,1
530,75,8,7,1
530,100,8,7,1
531,0,34,34,0
531,5,34,34,0
531,10,34,32,2
531,20,34,30,4
531,35,34,23,11
531,50,34,23,11
531,75,34,23,11
531,100,34,22,12
532,0,26,26,0
532,5,26,26,0
532,10,26,26,0
532,20,26,26,0
532,35,26,26,0
532,50,26,25,1
532,75,26,25,1
532,100,26,25,1
533,0,29,29,0
533,5,29,29,0
533,10,29,29,0
533,20,29,28,1
533,35,29,25,4
533,50,29,24,5
533,75,29,24,5
533,100,29,24,5
534,0,42,42,0
534,5,42,42,0
534,10,42,40,2
534,20,42,38,4
534,35,42,32,10
534,50,42,29,13
534,75,42,29,13
534,100,42,29,13
535,0,33,33,0
535,5,33,33,0
535,10,33,32,1
535,20,33,32,1
535,35,33,30,3
535,50,33,29,4
535,75,33,28,5
535,100,33,26,7
536,0,32,32,0
536,5,32,32,0
536,10,32,30,2
536,20,32,28,4
536,35,32,26,6
536,50,32,26,6
536,75,32,26,6
536,100,32,26,6
537,0,14,14,0
537,5,14,14,0
537,10,14,14,0
537,20,14,13,1
537,35,14,13,1
537,50,14,13,1
537,75,14,13,1
537,100,14,13,1
538,0,32,32,0
538,5,32,31,1
538,10,32,29,3
538,20,32,29,3
538,35,32,24,8
538,50,32,23,9
538,75,32,23,9
538,100,32,23,9
539,0,37,37,0
539,5,37,35,2
539,10,37,35,2
539,20,37,35,2
539,35,37,30,7
539,50,37,30,7
539,75,37,30,7
539,100,37,30,7
540,0,39,39,0
540,5,39,39,0
540,10,39,34,5
540,20,39,34,5
540,35,39,29,10
540,50,39,29,10
540,75,39,29,10
540,100,39,29,10
541,0,33,33,0
541,5,33,33,0
541,10,33,31,2
541,20,33,31,2
541,35,33,27,6
541,50,33,27,6
541,75,33,27,6
541,100,33,25,8
542,0,31,31,0
542,5,31,31,0
542,10,31,29,2
542,20,31,27,4
542,35,31,24,7
542,50,31,24,7
542,75,31,24,7
542,100,31,24,7
543,0,34,34,0
543,5,34,33,1
543,10,34,31,3
543,20,34,31,3
543,35,34,29,5
543,50,34,28,6
543,75,34,28,6
543,100,34,28,6
544,0,17,17,0
544,5,17,17,0
544,10,17,15,2
544,20,17,15,2
544,35,17,7,10
544,50,17,7,10
544,75,17,6,11
544,100,17,5,12
545,0,41,41,0
545,5,41,41,0
545,10,41,39,2
545,20,41,38,3
545,35,41,28,13
545,50,41,28,13
545,75,41,28,13
545,100,41,28,13
546,0,77,77,0
546,5,77,77,0
546,10,77,71,6
546,20,77,70,7
546,35,77,70,7
546,50,77,70,7
546,75,77,70,7
546,100,77,68,9
547,0,25,25,0
547,5,25,25,0
547,10,25,25,0
547,20,25,24,1
547,35,25,22,3
547,50,25,22,3
547,75,25,22,3
547,100,25,22,3
548,0,34,34,0
548,5,34,33,1
548,10,34,32,2
548,20,34,32,2
548,35,34,31,3
548,50,34,31,3
548,75,34,29,5
548,100,34,29,5
549,0,43,43,0
549,5,43,43,0
549,10,43,41,2
549,20,43,41,2
549,35,43,35,8
549,50,43,35,8
549,75,43,35,8
549,100,43,35,8
550,0,38,38,0
550,5,38,38,0
550,10,38,37,1
550,20,38,36,2
550,35,38,34,4
550,50,38,32,6
550,75,38,32,6
550,100,38,23,15
551,0,26,26,0
551,5,26,25,1
551,10,26,24,2
551,20,26,23,3
551,35,26,21,5
551,50,26,21,5
551,75,26,20,6
551,100,26,20,6
552,0,16,16,0
552,5,16,16,0
552,10,16,16,0
552,20,16,16,0
552,35,16,13,3
552,50,16,13,3
552,75,16,12,4
552,100,16,12,4
553,0,19,19,0
553,5,19,19,0
553,10,19,18,1
553,20,19,18,1
553,35,19,16,3
553,50,19,16,3
553,75,19,16,3
553,100,19,16,3
554,0,26,26,0
554,5,26,26,0
554,10,26,26,0
554,20,26,25,1
554,35,26,23,3
554,50,26,23,3
554,75,26,23,3
554,100,26,23,3
555,0,39,39,0
555,5,39,39,0
555,10,39,37,2
555,20,39,37,2
555,35,39,33,6
555,50,39,33,6
555,75,39,32,7
555,100,39,32,7
556,0,23,23,0
556,5,23,21,2
556,10,23,20,3
556,20,23,20,3
556,35,23,19,4
556,50,23,19,4
556,75,23,19,4
556,100,23,19,4
557,0,33,33,0
557,5,33,32,1
557,10,33,29,4
557,20,33,27,6
557,35,33,24,9
557,50,33,23,10
557,75,33,21,12
557,100,33,21,12
558,0,26,26,0
558,5,26,26,0
558,10,26,25,1
558,20,26,25,1
558,35,26,21,5
558,50,26,21,5
558,75,26,20,6
558,100,26,19,7
559,0,16,16,0
559,5,16,15,1
559,10,16,14,2
559,20,16,14,2
559,35,16,12,4
559,50,16,12,4
559,75,16,12,4
559,100,16,12,4
560,0,26,26,0
560,5,26,25,1
560,10,26,20,6
560,20,26,18,8
560,35,26,16,10
560,50,26,11,15
560,75,26,11,15
560,100,26,11,15
561,0,25,25,0
561,5,25,23,2
561,10,25,23,2
561,20,25,23,2
561,35,25,20,5
561,50,25,19,6
561,75,25,19,6
561,100,25,19,6
562,0,41,41,0
562,5,41,41,0
562,10,41,41,0
562,20,41,40,1
562,35,41,35,6
562,50,41,35,6
562,75,41,34,7
562,100,41,30,11
563,0,30,30,0
563,5,30,30,0
563,10,30,25,5
563,20,30,25,5
563,35,30,23,7
563,50,30,21,9
563,75,30,21,9
563,100,30,21,9
564,0,19,19,0
564,5,19,19,0
564,10,19,19,0
564,20,19,19,0
564,35,19,16,3
564,50,19,16,3
564,75,19,16,3
564,100,19,16,3
565,0,19,19,0
565,5,19,19,0
565,10,19,19,0
565,20,19,19,0
565,35,19,19,0
565,50,19,19,0
565,75,19,19,0
565,100,19,19,0
566,0,45,45,0
566,5,45,43,2
566,10,45,41,4
566,20,45,41,4
566,35,45,38,7
566,50,45,38,7
566,75,45,37,8
566,100,45,37,8
567,0,33,33,0
567,5,33,32,1
567,10,33,32,1
567,20,33,31,2
567,35,33,23,10
567,50,33,19,14
567,75,33,19,14
567,100,33,19,14
568,0,32,32,0
568,5,32,32,0
568,10,32,30,2
568,20,32,28,4
568,35,32,25,7
568,50,32,25,7
568,75,32,25,7
568,100,32,24,8
569,0,27,27,0
569,5,27,26,1
569,10,27,25,2
569,20,27,22,5
569,35,27,19,8
569,50,27,19,8
569,75,27,19,8
569,100,27,18,9
570,0,15,15,0
570,5,15,15,0
570,10,15,14,1
570,20,15,14,1
570,35,15,13,2
570,50,15,13,2
570,75,15,13,2
570,100,15,13,2
571,0,25,25,0
571,5,25,25,0
571,10,25,25,0
571,20,25,24,1
571,35,25,24,1
571,50,25,24,1
571,75,25,24,1
571,100,25,24,1
572,0,40,40,0
572,5,40,39,1
572,10,40,34,6
572,20,40,32,8
572,35,40,28,12
572,50,40,28,12
572,75,40,28,12
572,100,40,28,12
573,0,37,37,0
573,5,37,36,1
573,10,37,34,3
573,20,37,34,3
573,35,37,26,11
573,50,37,26,11
573,75,37,26,11
573,100,37,26,11
574,0,37,37,0
574,5,37,37,0
574,10,37,36,1
574,20,37,36,1
574,35,37,36,1
574,50,37,35,2
574,75,37,35,2
574,100,37,35,2
575,0,19,19,0
575,5,19,19,0
575,10,19,17,2
575,20,19,17,2
575,35,19,16,3
575,50,19,16,3
575,75,19,16,3
575,100,19,16,3
576,0,41,41,0
576,5,41,41,0
576,10,41,39,2
576,20,41,38,3
576,35,41,28,13
576,50,41,28,13
576,75,41,28,13
576,100,41,28,13
577,0,23,23,0
577,5,23,22,1
577,10,23,19,4
577,20,23,19,4
577,35,23,18,5
577,50,23,17,6
577,75,23,17,6
577,100,23,17,6
578,0,28,28,0
578,5,28,28,0
578,10,28,28,0
578,20,28,27,1
578,35,28,24,4
578,50,28,24,4
578,75,28,24,4
578,100,28,24,4
579,0,34,34,0
579,5,34,32,2
579,10,34,30,4
579,20,34,28,6
579,35,34,24,10
579,50,34,24,10
579,75,34,23,11
579,100,34,23,11
580,0,16,16,0
580,5,16,16,0
580,10,16,15,1
580,20,16,13,3
580,35,16,11,5
580,50,16,11,5
580,75,16,11,5
580,100,16,11,5
581,0,16,16,0
581,5,16,16,0
581,10,16,16,0
581,20,16,14,2
581,35,16,14,2
581,50,16,14,2
581,75,16,14,2
581,100,16,14,2
582,0,14,14,0
582,5,14,14,0
582,10,14,14,0
582,20,14,13,1
582,35,14,11,3
582,50,14,11,3
582,75,14,10,4
582,100,14,10,4
583,0,35,35,0
583,5,35,26,9
583,10,35,26,9
583,20,35,25,10
583,35,35,21,14
583,50,35,19,16
583,75,35,19,16
583,100,35,19,16
584,0,39,39,0
584,5,39,39,0
584,10,39,34,5
584,20,39,34,5
584,35,39,29,10
584,50,39,29,10
584,75,39,29,10
584,100,39,29,10
585,0,47,47,0
585,5,47,47,0
585,10,47,45,2
585,20,47,44,3
585,35,47,39,8
585,50,47,39,8
585,75,47,38,9
585,100,47,36,11
586,0,42,42,0
586,5,42,41,1
586,10,42,41,1
586,20,42,39,3
586,35,42,35,7
586,50,42,35,7
586,75,42,35,7
586,100,42,35,7
587,0,12,12,0
587,5,12,12,0
587,10,12,12,0
587,20,12,12,0
587,35,12,10,2
587,50,12,10,2
587,75,12,10,2
587,100,12,10,2
588,0,35,35,0
588,5,35,35,0
588,10,35,35,0
588,20,35,34,1
588,35,35,31,4
588,50,35,31,4
588,75,35,31,4
588,100,35,31,4
589,0,14,14,0
589,5,14,13,1
589,10,14,13,1
589,20,14,13,1
589,35,14,13,1
589,50,14,13,1
589,75,14,13,1
589,100,14,13,1
590,0,18,18,0
590,5,18,18,0
590,10,18,18,0
590,20,18,15,3
590,35,18,13,5
590,50,18,12,6
590,75,18,12,6
590,100,18,12,6
591,0,25,25,0
591,5,25,25,0
591,10,25,24,1
591,20,25,24,1
591,35,25,23,2
591,50,25,23,2
591,75,25,23,2
591,100,25,23,2
592,0,31,31,0
592,5,31,31,0
592,10,31,31,0
592,20,31,30,1
592,35,31,29,2
592,50,31,27,4
592,75,31,27,4
592,100,31,27,4
593,0,43,43,0
593,5,43,42,1
593,10,43,39,4
593,20,43,39,4
593,35,43,36,7
593,50,43,35,8
593,75,43,35,8
593,100,43,35,8
594,0,21,21,0
594,5,21,20,1
594,10,21,19,2
594,20,21,19,2
594,35,21,19,2
594,50,21,18,3
594,75,21,18,3
594,100,21,18,3
595,0,34,34,0
595,5,34,34,0
595,10,34,34,0
595,20,34,33,1
595,35,34,32,2
595,50,34,32,2
595,75,34,32,2
595,100,34,32,2
596,0,27,27,0
596,5,27,27,0
596,10,27,27,0
596,20,27,27,0
596,35,27,24,3
596,50,27,24,3
596,75,27,24,3
596,100,27,24,3
597,0,35,35,0
597,5,35,35,0
597,10,35,34,1
597,20,35,34,1
597,35,35,34,1
597,50,35,34,1
597,75,35,33,2
597,100,35,33,2
598,0,30,30,0
598,5,30,30,0
598,10,30,30,0
598,20,30,30,0
598,35,30,30,0
598,50,30,30,0
598,75,30,30,0
598,100,30,30,0
599,0,32,32,0
599,5,32,31,1
599,10,32,30,2
599,20,32,30,2
599,35,32,26,6
599,50,32,24,8
599,75,32,24,8
599,100,32,24,8
600,0,24,24,0
600,5,24,23,1
600,10,24,22,2
600,20,24,22,2
600,35,24,22,2
600,50,24,22,2
600,75,24,22,2
600,100,24,21,3
601,0,46,46,0
601,5,46,46,0
601,10,46,45,1
601,20,46,45,1
601,35,46,44,2
601,50,46,42,4
601,75,46,40,6
601,100,46,40,6
602,0,43,43,0
602,5,43,42,1
602,10,43,41,2
602,20,43,40,3
602,35,43,40,3
602,50,43,40,3
602,75,43,38,5
602,100,43,38,5
603,0,56,56,0
603,5,56,55,1
603,10,56,50,6
603,20,56,48,8
603,35,56,41,15
603,50,56,40,16
603,75,56,40,16
603,100,56,40,16
604,0,19,19,0
604,5,19,18,1
604,10,19,18,1
604,20,19,18,1
604,35,19,17,2
604,50,19,15,4
604,75,19,15,4
604,100,19,15,4
605,0,29,29,0
605,5,29,27,2
605,10,29,26,3
605,20,29,26,3
605,35,29,25,4
605,50,29,25,4
605,75,29,24,5
605,100,29,24,5
606,0,28,28,0
606,5,28,28,0
606,10,28,28,0
606,20,28,27,1
606,35,28,26,2
606,50,28,25,3
606,75,28,25,3
606,100,28,25,3
607,0,38,38,0
607,5,38,38,0
607,10,38,36,2
607,20,38,35,3
607,35,38,32,6
607,50,38,32,6
607,75,38,32,6
607,100,38,31,7
608,0,11,11,0
608,5,11,10,1
608,10,11,9,2
608,20,11,9,2
608,35,11,8,3
608,50,11,8,3
608,75,11,8,3
608,100,11,8,3
609,0,19,19,0
609,5,19,19,0
609,10,19,18,1
609,20,19,18,1
609,35,19,18,1
609,50,19,18,1
609,75,19,18,1
609,100,19,18,1
610,0,17,17,0
610,5,17,17,0
610,10,17,17,0
610,20,17,14,3
610,35,17,12,5
610,50,17,12,5
610,75,17,12,5
610,100,17,12,5
611,0,83,83,0
611,5,83,83,0
611,10,83,82,1
611,20,83,82,1
611,35,83,77,6
611,50,83,76,7
611,75,83,75,8
611,100,83,71,12
612,0,40,40,0
612,5,40,40,0
612,10,40,38,2
612,20,40,37,3
612,35,40,27,13
612,50,40,26,14
612,75,40,25,15
612,100,40,25,15
613,0,56,56,0
613,5,56,53,3
613,10,56,53,3
613,20,56,51,5
613,35,56,48,8
613,50,56,43,13
613,75,56,41,15
613,100,56,40,16
614,0,76,76,0
614,5,76,76,0
614,10,76,73,3
614,20,76,69,7
614,35,76,68,8
614,50,76,68,8
614,75,76,68,8
614,100,76,68,8
615,0,36,36,0
615,5,36,35,1
615,10,36,34,2
615,20,36,33,3
615,35,36,33,3
615,50,36,32,4
615,75,36,32,4
615,100,36,32,4
616,0,38,38,0
616,5,38,38,0
616,10,38,38,0
616,20,38,38,0
616,35,38,33,5
616,50,38,32,6
616,75,38,32,6
616,100,38,32,6
617,0,33,33,0
617,5,33,32,1
617,10,33,32,1
617,20,33,31,2
617,35,33,31,2
617,50,33,29,4
617,75,33,29,4
617,100,33,29,4
618,0,24,24,0
618,5,24,24,0
618,10,24,23,1
618,20,24,22,2
618,35,24,21,3
618,50,24,21,3
618,75,24,21,3
618,100,24,21,3
619,0,24,24,0
619,5,24,23,1
619,10,24,22,2
619,20,24,22,2
619,35,24,22,2
619,50,24,22,2
619,75,24,22,2
619,100,24,21,3
620,0,19,19,0
620,5,19,18,1
620,10,19,18,1
620,20,19,18,1
620,35,19,17,2
620,50,19,15,4
620,75,19,15,4
620,100,19,15,4
621,0,61,61,0
621,5,61,61,0
621,10,61,56,5
621,20,61,55,6
621,35,61,51,10
621,50,61,51,10
621,75,61,49,12
621,100,61,47,14
622,0,30,30,0
622,5,30,30,0
622,10,30,30,0
622,20,30,30,0
622,35,30,30,0
622,50,30,30,0
622,75,30,30,0
622,100,30,30,0
623,0,35,35,0
623,5,35,35,0
623,10,35,35,0
623,20,35,35,0
623,35,35,29,6
623,50,35,25,10
623,75,35,25,10
623,100,35,24,11
624,0,39,39,0
624,5,39,39,0
624,10,39,39,0
624,20,39,38,1
624,35,39,36,3
624,50,39,34,5
624,75,39,34,5
624,100,39,34,5
625,0,24,24,0
625,5,24,24,0
625,10,24,22,2
625,20,24,22,2
625,35,24,21,3
625,50,24,21,3
625,75,24,21,3
625,100,24,21,3
626,0,63,63,0
626,5,63,63,0
626,10,63,62,1
626,20,63,60,3
626,35,63,58,5
626,50,63,58,5
626,75,63,56,7
626,100,63,56,7
627,0,31,31,0
627,5,31,31,0
627,10,31,31,0
627,20,31,31,0
627,35,31,28,3
627,50,31,24,7
627,75,31,24,7
627,100,31,24,7
628,0,37,37,0
628,5,37,36,1
628,10,37,36,1
628,20,37,34,3
628,35,37,29,8
628,50,37,29,8
628,75,37,29,8
628,100,37,29,8
629,0,38,38,0
629,5,38,38,0
629,10,38,36,2
629,20,38,35,3
629,35,38,24,14
629,50,38,22,16
629,75,38,22,16
629,100,38,22,16
630,0,34,34,0
630,5,34,34,0
630,10,34,34,0
630,20,34,33,1
630,35,34,30,4
630,50,34,30,4
630,75,34,30,4
630,100,34,30,4
631,0,49,49,0
631,5,49,46,3
631,10,49,45,4
631,20,49,44,5
631,35,49,37,12
631,50,49,37,12
631,75,49,37,12
631,100,49,36,13
632,0,19,19,0
632,5,19,19,0
632,10,19,18,1
632,20,19,18,1
632,35,19,16,3
632,50,19,16,3
632,75,19,16,3
632,100,19,16,3
633,0,51,51,0
633,5,51,50,1
633,10,51,44,7
633,20,51,44,7
633,35,51,40,11
633,50,51,40,11
633,75,51,37,14
633,100,51,37,14
634,0,23,23,0
634,5,23,23,0
634,10,23,23,0
634,20,23,23,0
634,35,23,19,4
634,50,23,19,4
634,75,23,18,5
634,100,23,16,7
635,0,55,55,0
635,5,55,54,1
635,10,55,49,6
635,20,55,47,8
635,35,55,46,9
635,50,55,40,15
635,75,55,39,16
635,100,55,39,16
636,0,25,25,0
636,5,25,25,0
636,10,25,24,1
636,20,25,23,2
636,35,25,21,4
636,50,25,21,4
636,75,25,21,4
636,100,25,21,4
637,0,23,23,0
637,5,23,21,2
637,10,23,21,2
637,20,23,21,2
637,35,23,20,3
637,50,23,20,3
637,75,23,20,3
637,100,23,20,3
638,0,31,31,0
638,5,31,29,2
638,10,31,28,3
638,20,31,28,3
638,35,31,23,8
638,50,31,23,8
638,75,31,23,8
638,100,31,23,8
639,0,24,24,0
639,5,24,23,1
639,10,24,19,5
639,20,24,18,6
639,35,24,18,6
639,50,24,18,6
639,75,24,17,7
639,100,24,17,7
640,0,24,24,0
640,5,24,23,1
640,10,24,22,2
640,20,24,21,3
640,35,24,17,7
640,50,24,16,8
640,75,24,16,8
640,100,24,15,9
641,0,68,68,0
641,5,68,68,0
641,10,68,64,4
641,20,68,59,9
641,35,68,50,18
641,50,68,50,18
641,75,68,50,18
641,100,68,49,19
642,0,28,28,0
642,5,28,28,0
642,10,28,25,3
642,20,28,25,3
642,35,28,24,4
642,50,28,21,7
642,75,28,20,8
642,100,28,17,11
643,0,22,22,0
643,5,22,22,0
643,10,22,21,1
643,20,22,17,5
643,35,22,16,6
643,50,22,15,7
643,75,22,15,7
643,100,22,15,7
644,0,29,29,0
644,5,29,28,1
644,10,29,26,3
644,20,29,26,3
644,35,29,26,3
644,50,29,26,3
644,75,29,25,4
644,100,29,21,8
645,0,51,51,0
645,5,51,51,0
645,10,51,49,2
645,20,51,49,2
645,35,51,48,3
645,50,51,47,4
645,75,51,47,4
645,100,51,47,4
646,0,49,49,0
646,5,49,49,0
646,10,49,49,0
646,20,49,47,2
646,35,49,44,5
646,50,49,43,6
646,75,49,42,7
646,100,49,41,8
647,0,29,29,0
647,5,29,28,1
647,10,29,27,2
647,20,29,26,3
647,35,29,25,4
647,50,29,24,5
647,75,29,23,6
647,100,29,23,6
648,0,39,39,0
648,5,39,39,0
648,10,39,39,0
648,20,39,39,0
648,35,39,36,3
648,50,39,34,5
648,75,39,33,6
648,100,39,33,6
649,0,96,96,0
649,5,96,95,1
649,10,96,95,1
649,20,96,93,3
649,35,96,91,5
649,50,96,91,5
649,75,96,91,5
649,100,96,90,6
650,0,24,24,0
650,5,24,23,1
650,10,24,23,1
650,20,24,22,2
650,35,24,21,3
650,50,24,21,3
650,75,24,19,5
650,100,24,19,5
651,0,27,27,0
651,5,27,27,0
651,10,27,26,1
651,20,27,25,2
651,35,27,19,8
651,50,27,19,8
651,75,27,19,8
651,100,27,19,8
652,0,35,35,0
652,5,35,35,0
652,10,35,35,0
652,20,35,32,3
652,35,35,27,8
652,50,35,27,8
652,75,35,26,9
652,100,35,21,14
653,0,84,84,0
653,5,84,80,4
653,10,84,68,16
653,20,84,68,16
653,35,84,62,22
653,50,84,62,22
653,75,84,59,25
653,100,84,51,33
654,0,16,16,0
654,5,16,16,0
654,10,16,16,0
654,20,16,16,0
654,35,16,16,0
654,50,16,15,1
654,75,16,15,1
654,100,16,15,1
655,0,34,34,0
655,5,34,34,0
655,10,34,29,5
655,20,34,28,6
655,35,34,26,8
655,50,34,26,8
655,75,34,26,8
655,100,34,26,8
656,0,25,25,0
656,5,25,25,0
656,10,25,23,2
656,20,25,22,3
656,35,25,20,5
656,50,25,20,5
656,75,25,20,5
656,100,25,20,5
657,0,33,33,0
657,5,33,33,0
657,10,33,30,3
657,20,33,30,3
657,35,33,27,6
657,50,33,27,6
657,75,33,27,6
657,100,33,27,6
658,0,59,59,0
658,5,59,59,0
658,10,59,56,3
658,20,59,56,3
658,35,59,54,5
658,50,59,54,5
658,75,59,54,5
658,100,59,54,5
659,0,33,33,0
659,5,33,33,0
659,10,33,33,0
659,20,33,33,0
659,35,33,28,5
659,50,33,28,5
659,75,33,25,8
659,100,33,24,9
660,0,23,23,0
660,5,23,22,1
660,10,23,22,1
660,20,23,22,1
660,35,23,21,2
660,50,23,21,2
660,75,23,21,2
660,100,23,21,2
661,0,25,25,0
661,5,25,25,0
661,10,25,25,0
661,20,25,25,0
661,35,25,23,2
661,50,25,23,2
661,75,25,23,2
661,100,25,23,2
662,0,37,37,0
662,5,37,35,2
662,10,37,34,3
662,20,37,34,3
662,35,37,29,8
662,50,37,29,8
662,75,37,28,9
662,100,37,28,9
663,0,47,47,0
663,5,47,47,0
663,10,47,45,2
663,20,47,44,3
663,35,47,39,8
663,50,47,39,8
663,75,47,38,9
663,100,47,36,11
664,0,14,14,0
664,5,14,14,0
664,10,14,14,0
664,20,14,14,0
664,35,14,13,1
664,50,14,13,1
664,75,14,13,1
664,100,14,13,1
665,0,62,62,0
665,5,62,62,0
665,10,62,62,0
665,20,62,61,1
665,35,62,56,6
665,50,62,55,7
665,75,62,55,7
665,100,62,48,14
666,0,41,41,0
666,5,41,41,0
666,10,41,36,5
666,20,41,31,10
666,35,41,31,10
666,50,41,30,11
666,75,41,29,12
666,100,41,29,12
667,0,50,50,0
667,5,50,50,0
667,10,50,47,3
667,20,50,46,4
667,35,50,43,7
667,50,50,38,12
667,75,50,38,12
667,100,50,38,12
668,0,33,33,0
668,5,33,30,3
668,10,33,22,11
668,20,33,22,11
668,35,33,21,12
668,50,33,20,13
668,75,33,20,13
668,100,33,20,13
669,0,42,42,0
669,5,42,42,0
669,10,42,41,1
669,20,42,38,4
669,35,42,34,8
669,50,42,34,8
669,75,42,33,9
669,100,42,33,9
670,0,29,29,0
670,5,29,29,0
670,10,29,27,2
670,20,29,20,9
670,35,29,20,9
670,50,29,20,9
670,75,29,20,9
670,100,29,20,9
671,0,45,45,0
671,5,45,43,2
671,10,45,41,4
671,20,45,41,4
671,35,45,38,7
671,50,45,38,7
671,75,45,37,8
671,100,45,37,8
672,0,30,30,0
672,5,30,30,0
672,10,30,29,1
672,20,30,28,2
672,35,30,26,4
672,50,30,26,4
672,75,30,26,4
672,100,30,26,4
673,0,25,25,0
673,5,25,25,0
673,10,25,24,1
673,20,25,24,1
673,35,25,21,4
673,50,25,21,4
673,75,25,21,4
673,100,25,21,4
674,0,23,23,0
674,5,23,23,0
674,10,23,23,0
674,20,23,23,0
674,35,23,19,4
674,50,23,19,4
674,75,23,18,5
674,100,23,16,7
675,0,42,42,0
675,5,42,42,0
675,10,42,40,2
675,20,42,39,3
675,35,42,38,4
675,50,42,37,5
675,75,42,37,5
675,100,42,36,6
676,0,19,19,0
676,5,19,18,1
676,10,19,18,1
676,20,19,18,1
676,35,19,17,2
676,50,19,15,4
676,75,19,15,4
676,100,19,15,4
677,0,26,26,0
677,5,26,26,0
677,10,26,26,0
677,20,26,26,0
677,35,26,25,1
677,50,26,25,1
677,75,26,25,1
677,100,26,25,1
678,0,50,50,0
678,5,50,48,2
678,10,50,44,6
678,20,50,43,7
678,35,50,36,14
678,50,50,36,14
678,75,50,36,14
678,100,50,36,14
679,0,48,48,0
679,5,48,47,1
679,10,48,45,3
679,20,48,45,3
679,35,48,45,3
679,50,48,45,3
679,75,48,44,4
679,100,48,44,4
680,0,109,109,0
680,5,109,105,4
680,10,109,104,5
680,20,109,102,7
680,35,109,97,12
680,50,109,95,14
680,75,109,94,15
680,100,109,94,15
681,0,19,19,0
681,5,19,19,0
681,10,19,19,0
681,20,19,19,0
681,35,19,17,2
681,50,19,17,2
681,75,19,17,2
681,100,19,17,2
682,0,27,27,0
682,5,27,26,1
682,10,27,26,1
682,20,27,23,4
682,35,27,20,7
682,50,27,20,7
682,75,27,20,7
682,100,27,18,9
683,0,15,15,0
683,5,15,15,0
683,10,15,14,1
683,20,15,14,1
683,35,15,11,4
683,50,15,11,4
683,75,15,11,4
683,100,15,11,4
684,0,31,31,0
684,5,31,31,0
684,10,31,30,1
684,20,31,30,1
684,35,31,28,3
684,50,31,28,3
684,75,31,28,3
684,100,31,28,3
685,0,25,25,0
685,5,25,24,1
685,10,25,20,5
685,20,25,19,6
685,35,25,16,9
685,50,25,16,9
685,75,25,16,9
685,100,25,16,9
686,0,51,51,0
686,5,51,51,0
686,10,51,49,2
686,20,51,46,5
686,35,51,45,6
686,50,51,44,7
686,75,51,44,7
686,100,51,44,7
687,0,23,23,0
687,5,23,23,0
687,10,23,21,2
687,20,23,21,2
687,35,23,17,6
687,50,23,17,6
687,75,23,17,6
687,100,23,17,6
688,0,39,39,0
688,5,39,39,0
688,10,39,37,2
688,20,39,37,2
688,35,39,33,6
688,50,39,33,6
688,75,39,32,7
688,100,39,32,7
689,0,45,45,0
689,5,45,45,0
689,10,45,43,2
689,20,45,41,4
689,35,45,39,6
689,50,45,39,6
689,75,45,39,6
689,100,45,39,6
690,0,30,30,0
690,5,30,29,1
690,10,30,29,1
690,20,30,28,2
690,35,30,28,2
690,50,30,28,2
690,75,30,28,2
690,100,30,28,2
691,0,27,27,0
691,5,27,27,0
691,10,27,27,0
691,20,27,26,1
691,35,27,26,1
691,50,27,26,1
691,75,27,26,1
691,100,27,26,1
692,0,57,57,0
692,5,57,56,1
692,10,57,52,5
692,20,57,49,8
692,35,57,43,14
692,50,57,43,14
692,75,57,43,14
692,100,57,43,14
693,0,40,40,0
693,5,40,38,2
693,10,40,38,2
693,20,40,38,2
693,35,40,33,7
693,50,40,33,7
693,75,40,33,7
693,100,40,33,7
694,0,37,37,0
694,5,37,37,0
694,10,37,33,4
694,20,37,33,4
694,35,37,32,5
694,50,37,32,5
694,75,37,32,5
694,100,37,32,5
695,0,34,34,0
695,5,34,31,3
695,10,34,28,6
695,20,34,28,6
695,35,34,27,7
695,50,34,27,7
695,75,34,27,7
695,100,34,27,7
696,0,21,21,0
696,5,21,21,0
696,10,21,18,3
696,20,21,18,3
696,35,21,18,3
696,50,21,18,3
696,75,21,18,3
696,100,21,18,3
697,0,27,27,0
697,5,27,27,0
697,10,27,27,0
697,20,27,27,0
697,35,27,24,3
697,50,27,24,3
697,75,27,24,3
697,100,27,24,3
698,0,12,12,0
698,5,12,11,1
698,10,12,9,3
698,20,12,9,3
698,35,12,9,3
698,50,12,9,3
698,75,12,9,3
698,100,12,9,3
699,0,16,16,0
699,5,16,16,0
699,10,16,16,0
699,20,16,15,1
699,35,16,13,3
699,50,16,13,3
699,75,16,13,3
699,100,16,13,3
700,0,19,19,0
700,5,19,19,0
700,10,19,19,0
700,20,19,16,3
700,35,19,15,4
700,50,19,15,4
700,75,19,14,5
700,100,19,14,5
701,0,31,31,0
701,5,31,29,2
701,10,31,28,3
701,20,31,25,6
701,35,31,25,6
701,50,31,25,6
701,75,31,25,6
701,100,31,25,6
702,0,18,18,0
702,5,18,18,0
702,10,18,18,0
702,20,18,18,0
702,35,18,17,1
702,50,18,17,1
702,75,18,17,1
702,100,18,16,2
703,0,30,30,0
703,5,30,30,0
703,10,30,29,1
703,20,30,28,2
703,35,30,27,3
703,50,30,26,4
703,75,30,25,5
703,100,30,25,5
704,0,32,32,0
704,5,32,32,0
704,10,32,30,2
704,20,32,27,5
704,35,32,24,8
704,50,32,24,8
704,75,32,24,8
704,100,32,24,8
705,0,44,44,0
705,5,44,44,0
705,10,44,43,1
705,20,44,43,1
705,35,44,38,6
705,50,44,37,7
705,75,44,37,7
705,100,44,37,7
706,0,44,44,0
706,5,44,44,0
706,10,44,35,9
706,20,44,34,10
706,35,44,31,13
706,50,44,31,13
706,75,44,30,14
706,100,44,30,14
707,0,19,19,0
707,5,19,18,1
707,10,19,17,2
707,20,19,16,3
707,35,19,13,6
707,50,19,13,6
707,75,19,13,6
707,100,19,13,6
708,0,19,19,0
708,5,19,16,3
708,10,19,16,3
708,20,19,16,3
708,35,19,13,6
708,50,19,13,6
708,75,19,12,7
708,100,19,12,7
709,0,21,21,0
709,5,21,21,0
709,10,21,20,1
709,20,21,20,1
709,35,21,20,1
709,50,21,19,2
709,75,21,19,2
709,100,21,19,2
710,0,34,34,0
710,5,34,34,0
710,10,34,34,0
710,20,34,31,3
710,35,34,28,6
710,50,34,28,6
710,75,34,28,6
710,100,34,28,6
711,0,21,21,0
711,5,21,20,1
711,10,21,19,2
711,20,21,19,2
711,35,21,19,2
711,50,21,18,3
711,75,21,18,3
711,100,21,18,3
712,0,104,104,0
712,5,104,100,4
712,10,104,96,8
712,20,104,93,11
712,35,104,80,24
712,50,104,76,28
712,75,104,76,28
712,100,104,76,28
713,0,34,34,0
713,5,34,34,0
713,10,34,33,1
713,20,34,33,1
713,35,34,29,5
713,50,34,28,6
713,75,34,28,6
713,100,34,28,6
714,0,36,36,0
714,5,36,36,0
714,10,36,35,1
714,20,36,35,1
714,35,36,28,8
714,50,36,28,8
714,75,36,28,8
714,100,36,28,8
715,0,13,13,0
715,5,13,13,0
715,10,13,12,1
715,20,13,12,1
715,35,13,7,6
715,50,13,7,6
715,75,13,7,6
715,100,13,7,6
716,0,29,29,0
716,5,29,29,0
716,10,29,27,2
716,20,29,20,9
716,35,29,20,9
716,50,29,20,9
716,75,29,20,9
716,100,29,20,9
717,0,34,34,0
717,5,34,34,0
717,10,34,31,3
717,20,34,31,3
717,35,34,31,3
717,50,34,31,3
717,75,34,30,4
717,100,34,30,4
718,0,32,32,0
718,5,32,32,0
718,10,32,30,2
718,20,32,30,2
718,35,32,28,4
718,50,32,28,4
718,75,32,28,4
718,100,32,28,4
719,0,27,27,0
719,5,27,27,0
719,10,27,27,0
719,20,27,27,0
719,35,27,24,3
719,50,27,22,5
719,75,27,22,5
719,100,27,22,5
720,0,39,39,0
720,5,39,39,0
720,10,39,39,0
720,20,39,36,3
720,35,39,28,11
720,50,39,28,11
720,75,39,28,11
720,100,39,28,11
721,0,36,36,0
721,5,36,35,1
721,10,36,35,1
721,20,36,35,1
721,35,36,35,1
721,50,36,35,1
721,75,36,35,1
721,100,36,35,1
722,0,14,14,0
722,5,14,14,0
722,10,14,13,1
722,20,14,13,1
722,35,14,13,1
722,50,14,12,2
722,75,14,12,2
722,100,14,12,2
723,0,34,34,0
723,5,34,34,0
723,10,34,34,0
723,20,34,33,1
723,35,34,27,7
723,50,34,25,9
723,75,34,24,10
723,100,34,18,16
724,0,61,61,0
724,5,61,61,0
724,10,61,57,4
724,20,61,55,6
724,35,61,53,8
724,50,61,50,11
724,75,61,50,11
724,100,61,50,11
725,0,29,29,0
725,5,29,29,0
725,10,29,28,1
725,20,29,26,3
725,35,29,25,4
725,50,29,25,4
725,75,29,25,4
725,100,29,25,4
726,0,18,18,0
726,5,18,18,0
726,10,18,18,0
726,20,18,18,0
726,35,18,18,0
726,50,18,18,0
726,75,18,18,0
726,100,18,18,0
727,0,18,18,0
727,5,18,18,0
727,10,18,18,0
727,20,18,15,3
727,35,18,13,5
727,50,18,12,6
727,75,18,12,6
727,100,18,12,6
728,0,45,45,0
728,5,45,45,0
728,10,45,44,1
728,20,45,43,2
728,35,45,41,4
728,50,45,41,4
728,75,45,41,4
728,100,45,41,4
729,0,25,25,0
729,5,25,23,2
729,10,25,23,2
729,20,25,23,2
729,35,25,20,5
729,50,25,19,6
729,75,25,19,6
729,100,25,19,6
730,0,32,32,0
730,5,32,32,0
730,10,32,30,2
730,20,32,30,2
730,35,32,28,4
730,50,32,28,4
730,75,32,28,4
730,100,32,26,6
731,0,30,30,0
731,5,30,30,0
731,10,30,29,1
731,20,30,26,4
731,35,30,22,8
731,50,30,21,9
731,75,30,21,9
731,100,30,21,9
732,0,21,21,0
732,5,21,20,1
732,10,21,18,3
732,20,21,18,3
732,35,21,18,3
732,50,21,18,3
732,75,21,18,3
732,100,21,18,3
733,0,53,53,0
733,5,53,53,0
733,10,53,53,0
733,20,53,51,2
733,35,53,51,2
733,50,53,51,2
733,75,53,51,2
733,100,53,43,10
734,0,38,38,0
734,5,38,38,0
734,10,38,38,0
734,20,38,35,3
734,35,38,29,9
734,50,38,27,11
734,75,38,27,11
734,100,38,27,11
735,0,30,30,0
735,5,30,30,0
735,10,30,30,0
735,20,30,30,0
735,35,30,28,2
735,50,30,28,2
735,75,30,28,2
735,100,30,28,2
736,0,27,27,0
736,5,27,27,0
736,10,27,27,0
736,20,27,27,0
736,35,27,24,3
736,50,27,22,5
736,75,27,22,5
736,100,27,22,5
737,0,42,42,0
737,5,42,42,0
737,10,42,41,1
737,20,42,39,3
737,35,42,32,10
737,50,42,31,11
737,75,42,31,11
737,100,42,30,12
738,0,23,23,0
738,5,23,23,0
738,10,23,23,0
738,20,23,22,1
738,35,23,18,5
738,50,23,18,5
738,75,23,18,5
738,100,23,18,5
739,0,36,36,0
739,5,36,36,0
739,10,36,34,2
739,20,36,33,3
739,35,36,26,10
739,50,36,26,10
739,75,36,25,11
739,100,36,25,11
740,0,33,33,0
740,5,33,33,0
740,10,33,32,1
740,20,33,30,3
740,35,33,28,5
740,50,33,27,6
740,75,33,27,6
740,100,33,27,6
741,0,96,96,0
741,5,96,95,1
741,10,96,95,1
741,20,96,93,3
741,35,96,91,5
741,50,96,91,5
741,75,96,91,5
741,100,96,90,6
742,0,29,29,0
742,5,29,29,0
742,10,29,29,0
742,20,29,28,1
742,35,29,27,2
742,50,29,27,2
742,75,29,27,2
742,100,29,27,2
743,0,45,45,0
743,5,45,44,1
743,10,45,44,1
743,20,45,44,1
743,35,45,41,4
743,50,45,41,4
743,75,45,41,4
743,100,45,41,4
744,0,28,28,0
744,5,28,26,2
744,10,28,24,4
744,20,28,24,4
744,35,28,24,4
744,50,28,24,4
744,75,28,24,4
744,100,28,24,4
745,0,109,109,0
745,5,109,109,0
745,10,109,106,3
745,20,109,102,7
745,35,109,102,7
745,50,109,102,7
745,75,109,102,7
745,100,109,98,11
746,0,36,36,0
746,5,36,36,0
746,10,36,36,0
746,20,36,35,1
746,35,36,29,7
746,50,36,29,7
746,75,36,29,7
746,100,36,29,7
747,0,34,34,0
747,5,34,34,0
747,10,34,34,0
747,20,34,33,1
747,35,34,31,3
747,50,34,31,3
747,75,34,31,3
747,100,34,31,3
748,0,18,18,0
748,5,18,17,1
748,10,18,17,1
748,20,18,17,1
748,35,18,17,1
748,50,18,17,1
748,75,18,17,1
748,100,18,17,1
749,0,50,50,0
749,5,50,50,0
749,10,50,48,2
749,20,50,44,6
749,35,50,39,11
749,50,50,39,11
749,75,50,37,13
749,100,50,36,14
750,0,15,15,0
750,5,15,15,0
750,10,15,15,0
750,20,15,14,1
750,35,15,14,1
750,50,15,13,2
750,75,15,13,2
750,100,15,13,2
751,0,24,24,0
751,5,24,24,0
751,10,24,23,1
751,20,24,19,5
751,35,24,18,6
751,50,24,18,6
751,75,24,18,6
751,100,24,18,6
752,0,16,16,0
752,5,16,15,1
752,10,16,14,2
752,20,16,14,2
752,35,16,14,2
752,50,16,14,2
752,75,16,14,2
752,100,16,12,4
753,0,56,56,0
753,5,56,56,0
753,10,56,53,3
753,20,56,53,3
753,35,56,50,6
753,50,56,48,8
753,75,56,46,10
753,100,56,46,10
754,0,25,25,0
754,5,25,25,0
754,10,25,24,1
754,20,25,24,1
754,35,25,18,7
754,50,25,18,7
754,75,25,18,7
754,100,25,18,7
755,0,32,32,0
755,5,32,31,1
755,10,32,28,4
755,20,32,27,5
755,35,32,23,9
755,50,32,23,9
755,75,32,23,9
755,100,32,23,9
756,0,35,35,0
756,5,35,33,2
756,10,35,29,6
756,20,35,28,7
756,35,35,25,10
756,50,35,25,10
756,75,35,25,10
756,100,35,25,10
757,0,26,26,0
757,5,26,26,0
757,10,26,25,1
757,20,26,24,2
757,35,26,22,4
757,50,26,21,5
757,75,26,21,5
757,100,26,21,5
758,0,8,8,0
758,5,8,7,1
758,10,8,7,1
758,20,8,7,1
758,35,8,7,1
758,50,8,7,1
758,75,8,7,1
758,100,8,7,1
759,0,42,42,0
759,5,42,42,0
759,10,42,40,2
759,20,42,39,3
759,35,42,37,5
759,50,42,37,5
759,75,42,37,5
759,100,42,37,5
760,0,70,70,0
760,5,70,70,0
760,10,70,69,1
760,20,70,68,2
760,35,70,68,2
760,50,70,68,2
760,75,70,68,2
760,100,70,68,2
761,0,39,39,0
761,5,39,37,2
761,10,39,33,6
761,20,39,31,8
761,35,39,29,10
761,50,39,29,10
761,75,39,29,10
761,100,39,29,10
762,0,27,27,0
762,5,27,27,0
762,10,27,27,0
762,20,27,27,0
762,35,27,22,5
762,50,27,21,6
762,75,27,21,6
762,100,27,21,6
763,0,98,98,0
763,5,98,94,4
763,10,98,92,6
763,20,98,91,7
763,35,98,81,17
763,50,98,79,19
763,75,98,78,20
763,100,98,72,26
764,0,104,104,0
764,5,104,101,3
764,10,104,97,7
764,20,104,96,8
764,35,104,90,14
764,50,104,90,14
764,75,104,89,15
764,100,104,85,19
765,0,25,25,0
765,5,25,24,1
765,10,25,22,3
765,20,25,22,3
765,35,25,21,4
765,50,25,21,4
765,75,25,21,4
765,100,25,21,4
766,0,25,25,0
766,5,25,23,2
766,10,25,23,2
766,20,25,23,2
766,35,25,20,5
766,50,25,19,6
766,75,25,19,6
766,100,25,19,6
767,0,20,20,0
767,5,20,20,0
767,10,20,20,0
767,20,20,19,1
767,35,20,17,3
767,50,20,17,3
767,75,20,17,3
767,100,20,16,4
768,0,36,36,0
768,5,36,35,1
768,10,36,33,3
768,20,36,30,6
768,35,36,26,10
768,50,36,26,10
768,75,36,25,11
768,100,36,24,12
769,0,25,25,0
769,5,25,25,0
769,10,25,21,4
769,20,25,21,4
769,35,25,21,4
769,50,25,20,5
769,75,25,20,5
769,100,25,20,5
770,0,25,25,0
770,5,25,25,0
770,10,25,24,1
770,20,25,22,3
770,35,25,21,4
770,50,25,21,4
770,75,25,21,4
770,100,25,21,4
771,0,33,33,0
771,5,33,32,1
771,10,33,27,6
771,20,33,26,7
771,35,33,21,12
771,50,33,21,12
771,75,33,20,13
771,100,33,20,13
772,0,51,51,0
772,5,51,51,0
772,10,51,51,0
772,20,51,50,1
772,35,51,50,1
772,50,51,50,1
772,75,51,50,1
772,100,51,50,1
773,0,25,25,0
773,5,25,22,3
773,10,25,21,4
773,20,25,21,4
773,35,25,18,7
773,50,25,17,8
773,75,25,17,8
773,100,25,17,8
774,0,29,29,0
774,5,29,29,0
774,10,29,27,2
774,20,29,27,2
774,35,29,24,5
774,50,29,24,5
774,75,29,24,5
774,100,29,24,5
775,0,28,28,0
775,5,28,28,0
775,10,28,28,0
775,20,28,28,0
775,35,28,27,1
775,50,28,27,1
775,75,28,27,1
775,100,28,27,1
776,0,33,33,0
776,5,33,32,1
776,10,33,29,4
776,20,33,29,4
776,35,33,24,9
776,50,33,23,10
776,75,33,23,10
776,100,33,23,10
777,0,38,38,0
777,5,38,38,0
777,10,38,37,1
777,20,38,35,3
777,35,38,27,11
777,50,38,26,12
777,75,38,26,12
777,100,38,26,12
778,0,37,37,0
778,5,37,36,1
778,10,37,34,3
778,20,37,34,3
778,35,37,26,11
778,50,37,26,11
778,75,37,26,11
778,100,37,26,11
779,0,56,56,0
779,5,56,56,0
779,10,56,55,1
779,20,56,52,4
779,35,56,48,8
779,50,56,48,8
779,75,56,48,8
779,100,56,47,9
780,0,57,57,0
780,5,57,57,0
780,10,57,57,0
780,20,57,56,1
780,35,57,49,8
780,50,57,49,8
780,75,57,48,9
780,100,57,45,12
781,0,19,19,0
781,5,19,19,0
781,10,19,18,1
781,20,19,17,2
781,35,19,14,5
781,50,19,14,5
781,75,19,14,5
781,100,19,14,5
782,0,18,18,0
782,5,18,18,0
782,10,18,16,2
782,20,18,16,2
782,35,18,15,3
782,50,18,15,3
782,75,18,13,5
782,100,18,13,5
783,0,33,33,0
783,5,33,31,2
783,10,33,31,2
783,20,33,30,3
783,35,33,26,7
783,50,33,24,9
783,75,33,24,9
783,100,33,24,9
784,0,32,32,0
784,5,32,32,0
784,10,32,32,0
784,20,32,31,1
784,35,32,27,5
784,50,32,26,6
784,75,32,25,7
784,100,32,25,7
785,0,21,21,0
785,5,21,21,0
785,10,21,20,1
785,20,21,20,1
785,35,21,16,5
785,50,21,16,5
785,75,21,16,5
785,100,21,16,5
786,0,31,31,0
786,5,31,31,0
786,10,31,31,0
786,20,31,30,1
786,35,31,29,2
786,50,31,27,4
786,75,31,27,4
786,100,31,27,4
787,0,19,19,0
787,5,19,18,1
787,10,19,17,2
787,20,19,16,3
787,35,19,9,10
787,50,19,9,10
787,75,19,9,10
787,100,19,9,10
788,0,37,37,0
788,5,37,35,2
788,10,37,33,4
788,20,37,29,8
788,35,37,23,14
788,50,37,23,14
788,75,37,23,14
788,100,37,23,14
789,0,19,19,0
789,5,19,19,0
789,10,19,18,1
789,20,19,18,1
789,35,19,16,3
789,50,19,16,3
789,75,19,16,3
789,100,19,16,3
790,0,30,30,0
790,5,30,30,0
790,10,30,29,1
790,20,30,27,3
790,35,30,24,6
790,50,30,24,6
790,75,30,24,6
790,100,30,24,6
791,0,44,44,0
791,5,44,42,2
791,10,44,35,9
791,20,44,33,11
791,35,44,28,16
791,50,44,28,16
791,75,44,27,17
791,100,44,27,17
792,0,50,50,0
792,5,50,48,2
792,10,50,47,3
792,20,50,38,12
792,35,50,37,13
792,50,50,37,13
792,75,50,36,14
792,100,50,36,14
793,0,47,47,0
793,5,47,47,0
793,10,47,47,0
793,20,47,46,1
793,35,47,45,2
793,50,47,45,2
793,75,47,43,4
793,100,47,43,4
794,0,43,43,0
794,5,43,43,0
794,10,43,40,3
794,20,43,39,4
794,35,43,31,12
794,50,43,31,12
794,75,43,31,12
794,100,43,31,12
795,0,28,28,0
795,5,28,28,0
795,10,28,28,0
795,20,28,28,0
795,35,28,22,6
795,50,28,22,6
795,75,28,22,6
795,100,28,22,6
796,0,34,34,0
796,5,34,33,1
796,10,34,31,3
796,20,34,30,4
796,35,34,28,6
796,50,34,22,12
796,75,34,22,12
796,100,34,22,12
797,0,18,18,0
797,5,18,18,0
797,10,18,16,2
797,20,18,16,2
797,35,18,15,3
797,50,18,15,3
797,75,18,15,3
797,100,18,15,3
798,0,29,29,0
798,5,29,29,0
798,10,29,28,1
798,20,29,27,2
798,35,29,24,5
798,50,29,24,5
798,75,29,23,6
798,100,29,23,6
799,0,33,33,0
799,5,33,33,0
799,10,33,32,1
799,20,33,27,6
799,35,33,23,10
799,50,33,23,10
799,75,33,23,10
799,100,33,23,10
800,0,29,29,0
800,5,29,29,0
800,10,29,27,2
800,20,29,27,2
800,35,29,24,5
800,50,29,24,5
800,75,29,24,5
800,100,29,24,5
801,0,21,21,0
801,5,21,20,1
801,10,21,18,3
801,20,21,18,3
801,35,21,18,3
801,50,21,18,3
801,75,21,18,3
801,100,21,18,3
802,0,35,35,0
802,5,35,33,2
802,10,35,29,6
802,20,35,28,7
802,35,35,25,10
802,50,35,25,10
802,75,35,25,10
802,100,35,25,10
803,0,19,19,0
803,5,19,19,0
803,10,19,19,0
803,20,19,17,2
803,35,19,17,2
803,50,19,17,2
803,75,19,17,2
803,100,19,17,2
804,0,30,30,0
804,5,30,30,0
804,10,30,26,4
804,20,30,25,5
804,35,30,22,8
804,50,30,22,8
804,75,30,21,9
804,100,30,21,9
805,0,21,21,0
805,5,21,21,0
805,10,21,20,1
805,20,21,18,3
805,35,21,17,4
805,50,21,16,5
805,75,21,16,5
805,100,21,16,5
806,0,43,43,0
806,5,43,41,2
806,10,43,37,6
806,20,43,34,9
806,35,43,27,16
806,50,43,27,16
806,75,43,27,16
806,100,43,26,17
807,0,44,44,0
807,5,44,44,0
807,10,44,44,0
807,20,44,42,2
807,35,44,41,3
807,50,44,41,3
807,75,44,41,3
807,100,44,34,10
808,0,21,21,0
808,5,21,21,0
808,10,21,20,1
808,20,21,20,1
808,35,21,19,2
808,50,21,18,3
808,75,21,18,3
808,100,21,18,3
809,0,27,27,0
809,5,27,26,1
809,10,27,25,2
809,20,27,22,5
809,35,27,19,8
809,50,27,19,8
809,75,27,19,8
809,100,27,18,9
810,0,41,41,0
810,5,41,40,1
810,10,41,39,2
810,20,41,39,2
810,35,41,35,6
810,50,41,35,6
810,75,41,35,6
810,100,41,35,6
811,0,66,66,0
811,5,66,65,1
811,10,66,62,4
811,20,66,62,4
811,35,66,55,11
811,50,66,55,11
811,75,66,53,13
811,100,66,53,13
812,0,45,45,0
812,5,45,45,0
812,10,45,43,2
812,20,45,43,2
812,35,45,41,4
812,50,45,41,4
812,75,45,41,4
812,100,45,39,6
813,0,33,33,0
813,5,33,33,0
813,10,33,32,1
813,20,33,31,2
813,35,33,27,6
813,50,33,27,6
813,75,33,27,6
813,100,33,27,6
814,0,29,29,0
814,5,29,27,2
814,10,29,22,7
814,20,29,21,8
814,35,29,18,11
814,50,29,17,12
814,75,29,17,12
814,100,29,17,12
815,0,24,24,0
815,5,24,24,0
815,10,24,23,1
815,20,24,21,3
815,35,24,19,5
815,50,24,19,5
815,75,24,18,6
815,100,24,16,8
816,0,44,44,0
816,5,44,42,2
816,10,44,39,5
816,20,44,38,6
816,35,44,33,11
816,50,44,33,11
816,75,44,33,11
816,100,44,33,11
817,0,23,23,0
817,5,23,21,2
817,10,23,21,2
817,20,23,21,2
817,35,23,20,3
817,50,23,20,3
817,75,23,20,3
817,100,23,20,3
818,0,28,28,0
818,5,28,28,0
818,10,28,28,0
818,20,28,28,0
818,35,28,22,6
818,50,28,22,6
818,75,28,22,6
818,100,28,22,6
819,0,38,38,0
819,5,38,38,0
819,10,38,38,0
819,20,38,36,2
819,35,38,34,4
819,50,38,34,4
819,75,38,34,4
819,100,38,33,5
820,0,27,27,0
820,5,27,27,0
820,10,27,27,0
820,20,27,27,0
820,35,27,24,3
820,50,27,24,3
820,75,27,24,3
820,100,27,24,3
821,0,14,14,0
821,5,14,13,1
821,10,14,13,1
821,20,14,13,1
821,35,14,13,1
821,50,14,13,1
821,75,14,13,1
821,100,14,13,1
822,0,39,39,0
822,5,39,39,0
822,10,39,37,2
822,20,39,34,5
822,35,39,28,11
822,50,39,27,12
822,75,39,27,12
822,100,39,27,12
823,0,31,31,0
823,5,31,30,1
823,10,31,29,2
823,20,31,29,2
823,35,31,27,4
823,50,31,26,5
823,75,31,26,5
823,100,31,26,5
824,0,44,44,0
824,5,44,44,0
824,10,44,41,3
824,20,44,40,4
824,35,44,38,6
824,50,44,38,6
824,75,44,38,6
824,100,44,38,6
825,0,39,39,0
825,5,39,39,0
825,10,39,38,1
825,20,39,38,1
825,35,39,35,4
825,50,39,35,4
825,75,39,35,4
825,100,39,35,4
826,0,35,35,0
826,5,35,34,1
826,10,35,32,3
826,20,35,31,4
826,35,35,25,10
826,50,35,25,10
826,75,35,24,11
826,100,35,24,11
827,0,39,39,0
827,5,39,39,0
827,10,39,39,0
827,20,39,36,3
827,35,39,28,11
827,50,39,28,11
827,75,39,28,11
827,100,39,28,11
828,0,22,22,0
828,5,22,22,0
828,10,22,22,0
828,20,22,21,1
828,35,22,21,1
828,50,22,21,1
828,75,22,20,2
828,100,22,20,2
829,0,51,51,0
829,5,51,47,4
829,10,51,47,4
829,20,51,47,4
829,35,51,45,6
829,50,51,45,6
829,75,51,42,9
829,100,51,41,10
830,0,27,27,0
830,5,27,27,0
830,10,27,26,1
830,20,27,24,3
830,35,27,23,4
830,50,27,22,5
830,75,27,21,6
830,100,27,20,7
831,0,42,42,0
831,5,42,42,0
831,10,42,41,1
831,20,42,38,4
831,35,42,34,8
831,50,42,34,8
831,75,42,33,9
831,100,42,33,9
832,0,30,30,0
832,5,30,29,1
832,10,30,29,1
832,20,30,25,5
832,35,30,21,9
832,50,30,21,9
832,75,30,21,9
832,100,30,21,9
833,0,32,32,0
833,5,32,32,0
833,10,32,31,1
833,20,32,29,3
833,35,32,28,4
833,50,32,28,4
833,75,32,28,4
833,100,32,27,5
834,0,35,35,0
834,5,35,35,0
834,10,35,35,0
834,20,35,35,0
834,35,35,33,2
834,50,35,32,3
834,75,35,32,3
834,100,35,32,3
835,0,39,39,0
835,5,39,39,0
835,10,39,34,5
835,20,39,34,5
835,35,39,31,8
835,50,39,31,8
835,75,39,31,8
835,100,39,30,9
836,0,31,31,0
836,5,31,31,0
836,10,31,30,1
836,20,31,29,2
836,35,31,28,3
836,50,31,28,3
836,75,31,27,4
836,100,31,27,4
837,0,35,35,0
837,5,35,33,2
837,10,35,30,5
837,20,35,29,6
837,35,35,23,12
837,50,35,23,12
837,75,35,23,12
837,100,35,23,12
838,0,32,32,0
838,5,32,32,0
838,10,32,29,3
838,20,32,25,7
838,35,32,23,9
838,50,32,23,9
838,75,32,23,9
838,100,32,21,11
839,0,51,51,0
839,5,51,50,1
839,10,51,50,1
839,20,51,50,1
839,35,51,48,3
839,50,51,48,3
839,75,51,48,3
839,100,51,48,3
840,0,41,41,0
840,5,41,41,0
840,10,41,38,3
840,20,41,38,3
840,35,41,35,6
840,50,41,31,10
840,75,41,30,11
840,100,41,30,11
841,0,32,32,0
841,5,32,32,0
841,10,32,32,0
841,20,32,26,6
841,35,32,25,7
841,50,32,25,7
841,75,32,25,7
841,100,32,25,7
842,0,30,30,0
842,5,30,29,1
842,10,30,29,1
842,20,30,28,2
842,35,30,28,2
842,50,30,28,2
842,75,30,28,2
842,100,30,28,2
843,0,78,78,0
843,5,78,75,3
843,10,78,69,9
843,20,78,65,13
843,35,78,54,24
843,50,78,53,25
843,75,78,52,26
843,100,78,51,27
844,0,35,35,0
844,5,35,31,4
844,10,35,29,6
844,20,35,25,10
844,35,35,23,12
844,50,35,23,12
844,75,35,23,12
844,100,35,23,12
845,0,40,40,0
845,5,40,40,0
845,10,40,38,2
845,20,40,38,2
845,35,40,24,16
845,50,40,22,18
845,75,40,21,19
845,100,40,21,19
846,0,28,28,0
846,5,28,26,2
846,10,28,26,2
846,20,28,26,2
846,35,28,25,3
846,50,28,25,3
846,75,28,24,4
846,100,28,24,4
847,0,42,42,0
847,5,42,41,1
847,10,42,41,1
847,20,42,41,1
847,35,42,37,5
847,50,42,37,5
847,75,42,36,6
847,100,42,35,7
848,0,53,53,0
848,5,53,51,2
848,10,53,41,12
848,20,53,37,16
848,35,53,30,23
848,50,53,30,23
848,75,53,29,24
848,100,53,29,24
849,0,28,28,0
849,5,28,27,1
849,10,28,26,2
849,20,28,25,3
849,35,28,20,8
849,50,28,18,10
849,75,28,17,11
849,100,28,17,11
850,0,24,24,0
850,5,24,24,0
850,10,24,24,0
850,20,24,22,2
850,35,24,18,6
850,50,24,17,7
850,75,24,17,7
850,100,24,17,7
851,0,30,30,0
851,5,30,28,2
851,10,30,25,5
851,20,30,24,6
851,35,30,21,9
851,50,30,20,10
851,75,30,20,10
851,100,30,20,10
852,0,34,34,0
852,5,34,34,0
852,10,34,34,0
852,20,34,31,3
852,35,34,31,3
852,50,34,31,3
852,75,34,31,3
852,100,34,30,4
853,0,51,51,0
853,5,51,51,0
853,10,51,49,2
853,20,51,46,5
853,35,51,45,6
853,50,51,44,7
853,75,51,44,7
853,100,51,44,7
854,0,31,31,0
854,5,31,31,0
854,10,31,31,0
854,20,31,31,0
854,35,31,29,2
854,50,31,29,2
854,75,31,27,4
854,100,31,27,4
855,0,38,38,0
855,5,38,38,0
855,10,38,32,6
855,20,38,30,8
855,35,38,26,12
855,50,38,24,14
855,75,38,22,16
855,100,38,22,16
856,0,18,18,0
856,5,18,17,1
856,10,18,16,2
856,20,18,16,2
856,35,18,15,3
856,50,18,15,3
856,75,18,15,3
856,100,18,15,3
857,0,28,28,0
857,5,28,28,0
857,10,28,25,3
857,20,28,25,3
857,35,28,22,6
857,50,28,22,6
857,75,28,22,6
857,100,28,22,6
858,0,37,37,0
858,5,37,31,6
858,10,37,29,8
858,20,37,28,9
858,35,37,24,13
858,50,37,24,13
858,75,37,23,14
858,100,37,22,15
859,0,28,28,0
859,5,28,26,2
859,10,28,25,3
859,20,28,25,3
859,35,28,22,6
859,50,28,21,7
859,75,28,21,7
859,100,28,21,7
860,0,33,33,0
860,5,33,32,1
860,10,33,28,5
860,20,33,27,6
860,35,33,25,8
860,50,33,25,8
860,75,33,25,8
860,100,33,25,8
861,0,27,27,0
861,5,27,27,0
861,10,27,26,1
861,20,27,24,3
861,35,27,22,5
861,50,27,22,5
861,75,27,21,6
861,100,27,21,6
862,0,53,53,0
862,5,53,53,0
862,10,53,51,2
862,20,53,49,4
862,35,53,43,10
862,50,53,43,10
862,75,53,43,10
862,100,53,41,12
863,0,26,26,0
863,5,26,21,5
863,10,26,18,8
863,20,26,18,8
863,35,26,15,11
863,50,26,13,13
863,75,26,13,13
863,100,26,13,13
864,0,22,22,0
864,5,22,22,0
864,10,22,21,1
864,20,22,20,2
864,35,22,19,3
864,50,22,19,3
864,75,22,19,3
864,100,22,19,3
865,0,37,37,0
865,5,37,36,1
865,10,37,34,3
865,20,37,34,3
865,35,37,26,11
865,50,37,26,11
865,75,37,26,11
865,100,37,26,11
866,0,40,40,0
866,5,40,40,0
866,10,40,35,5
866,20,40,34,6
866,35,40,31,9
866,50,40,29,11
866,75,40,29,11
866,100,40,29,11
867,0,44,44,0
867,5,44,44,0
867,10,44,38,6
867,20,44,37,7
867,35,44,29,15
867,50,44,29,15
867,75,44,29,15
867,100,44,29,15
868,0,30,30,0
868,5,30,30,0
868,10,30,30,0
868,20,30,30,0
868,35,30,25,5
868,50,30,24,6
868,75,30,24,6
868,100,30,24,6
869,0,12,12,0
869,5,12,11,1
869,10,12,9,3
869,20,12,9,3
869,35,12,9,3
869,50,12,9,3
869,75,12,9,3
869,100,12,9,3
870,0,38,38,0
870,5,38,36,2
870,10,38,34,4
870,20,38,33,5
870,35,38,31,7
870,50,38,27,11
870,75,38,27,11
870,100,38,27,11
871,0,23,23,0
871,5,23,23,0
871,10,23,22,1
871,20,23,22,1
871,35,23,20,3
871,50,23,19,4
871,75,23,18,5
871,100,23,18,5
872,0,14,14,0
872,5,14,14,0
872,10,14,14,0
872,20,14,11,3
872,35,14,11,3
872,50,14,10,4
872,75,14,10,4
872,100,14,10,4
873,0,35,35,0
873,5,35,35,0
873,10,35,35,0
873,20,35,35,0
873,35,35,33,2
873,50,35,32,3
873,75,35,32,3
873,100,35,32,3
874,0,54,54,0
874,5,54,54,0
874,10,54,54,0
874,20,54,54,0
874,35,54,53,1
874,50,54,53,1
874,75,54,53,1
874,100,54,53,1
875,0,24,24,0
875,5,24,20,4
875,10,24,18,6
875,20,24,17,7
875,35,24,15,9
875,50,24,14,10
875,75,24,14,10
875,100,24,14,10
876,0,23,23,0
876,5,23,23,0
876,10,23,22,1
876,20,23,21,2
876,35,23,17,6
876,50,23,17,6
876,75,23,17,6
876,100,23,17,6
877,0,24,24,0
877,5,24,24,0
877,10,24,24,0
877,20,24,24,0
877,35,24,23,1
877,50,24,23,1
877,75,24,23,1
877,100,24,23,1
878,0,18,18,0
878,5,18,17,1
878,10,18,16,2
878,20,18,16,2
878,35,18,14,4
878,50,18,14,4
878,75,18,14,4
878,100,18,14,4
879,0,41,41,0
879,5,41,39,2
879,10,41,36,5
879,20,41,36,5
879,35,41,28,13
879,50,41,28,13
879,75,41,28,13
879,100,41,26,15
880,0,30,30,0
880,5,30,30,0
880,10,30,27,3
880,20,30,27,3
880,35,30,23,7
880,50,30,23,7
880,75,30,23,7
880,100,30,23,7
881,0,24,24,0
881,5,24,21,3
881,10,24,21,3
881,20,24,21,3
881,35,24,17,7
881,50,24,17,7
881,75,24,17,7
881,100,24,17,7
882,0,39,39,0
882,5,39,39,0
882,10,39,38,1
882,20,39,38,1
882,35,39,36,3
882,50,39,36,3
882,75,39,36,3
882,100,39,36,3
883,0,34,34,0
883,5,34,31,3
883,10,34,28,6
883,20,34,28,6
883,35,34,27,7
883,50,34,27,7
883,75,34,27,7
883,100,34,27,7
884,0,21,21,0
884,5,21,21,0
884,10,21,19,2
884,20,21,16,5
884,35,21,16,5
884,50,21,14,7
884,75,21,14,7
884,100,21,14,7
885,0,17,17,0
885,5,17,17,0
885,10,17,15,2
885,20,17,15,2
885,35,17,15,2
885,50,17,15,2
885,75,17,15,2
885,100,17,15,2
886,0,45,45,0
886,5,45,45,0
886,10,45,45,0
886,20,45,44,1
886,35,45,42,3
886,50,45,42,3
886,75,45,42,3
886,100,45,42,3
887,0,39,39,0
887,5,39,39,0
887,10,39,35,4
887,20,39,35,4
887,35,39,29,10
887,50,39,29,10
887,75,39,29,10
887,100,39,29,10
888,0,20,20,0
888,5,20,20,0
888,10,20,19,1
888,20,20,19,1
888,35,20,17,3
888,50,20,17,3
888,75,20,17,3
888,100,20,17,3
889,0,47,47,0
889,5,47,47,0
889,10,47,46,1
889,20,47,44,3
889,35,47,41,6
889,50,47,40,7
889,75,47,40,7
889,100,47,40,7
890,0,27,27,0
890,5,27,26,1
890,10,27,25,2
890,20,27,22,5
890,35,27,19,8
890,50,27,19,8
890,75,27,19,8
890,100,27,18,9
891,0,14,14,0
891,5,14,14,0
891,10,14,14,0
891,20,14,13,1
891,35,14,11,3
891,50,14,11,3
891,75,14,11,3
891,100,14,11,3
892,0,21,21,0
892,5,21,21,0
892,10,21,21,0
892,20,21,18,3
892,35,21,17,4
892,50,21,16,5
892,75,21,16,5
892,100,21,16,5
893,0,44,44,0
893,5,44,44,0
893,10,44,35,9
893,20,44,34,10
893,35,44,31,13
893,50,44,31,13
893,75,44,30,14
893,100,44,30,14
894,0,33,33,0
894,5,33,33,0
894,10,33,33,0
894,20,33,33,0
894,35,33,31,2
894,50,33,30,3
894,75,33,30,3
894,100,33,29,4
895,0,53,53,0
895,5,53,53,0
895,10,53,53,0
895,20,53,53,0
895,35,53,50,3
895,50,53,46,7
895,75,53,44,9
895,100,53,44,9
896,0,26,26,0
896,5,26,26,0
896,10,26,26,0
896,20,26,26,0
896,35,26,23,3
896,50,26,21,5
896,75,26,21,5
896,100,26,21,5
897,0,13,13,0
897,5,13,13,0
897,10,13,13,0
897,20,13,13,0
897,35,13,13,0
897,50,13,13,0
897,75,13,13,0
897,100,13,13,0
898,0,39,39,0
898,5,39,39,0
898,10,39,39,0
898,20,39,39,0
898,35,39,37,2
898,50,39,36,3
898,75,39,36,3
898,100,39,36,3
899,0,23,23,0
899,5,23,23,0
899,10,23,23,0
899,20,23,20,3
899,35,23,17,6
899,50,23,16,7
899,75,23,15,8
899,100,23,15,8
900,0,24,24,0
900,5,24,24,0
900,10,24,22,2
900,20,24,21,3
900,35,24,21,3
900,50,24,21,3
900,75,24,21,3
900,100,24,20,4
901,0,17,17,0
901,5,17,16,1
901,10,17,13,4
901,20,17,13,4
901,35,17,12,5
901,50,17,12,5
901,75,17,12,5
901,100,17,12,5
902,0,30,30,0
902,5,30,30,0
902,10,30,29,1
902,20,30,27,3
902,35,30,24,6
902,50,30,24,6
902,75,30,24,6
902,100,30,24,6
903,0,32,32,0
903,5,32,32,0
903,10,32,30,2
903,20,32,30,2
903,35,32,25,7
903,50,32,25,7
903,75,32,25,7
903,100,32,24,8
904,0,31,31,0
904,5,31,31,0
904,10,31,29,2
904,20,31,23,8
904,35,31,22,9
904,50,31,22,9
904,75,31,18,13
904,100,31,18,13
905,0,34,34,0
905,5,34,34,0
905,10,34,34,0
905,20,34,34,0
905,35,34,30,4
905,50,34,28,6
905,75,34,28,6
905,100,34,28,6
906,0,45,45,0
906,5,45,45,0
906,10,45,40,5
906,20,45,39,6
906,35,45,31,14
906,50,45,31,14
906,75,45,31,14
906,100,45,30,15
907,0,27,27,0
907,5,27,26,1
907,10,27,25,2
907,20,27,24,3
907,35,27,24,3
907,50,27,23,4
907,75,27,23,4
907,100,27,23,4
908,0,28,28,0
908,5,28,28,0
908,10,28,28,0
908,20,28,28,0
908,35,28,26,2
908,50,28,26,2
908,75,28,26,2
908,100,28,26,2
909,0,66,66,0
909,5,66,64,2
909,10,66,61,5
909,20,66,56,10
909,35,66,47,19
909,50,66,47,19
909,75,66,47,19
909,100,66,47,19
910,0,36,36,0
910,5,36,36,0
910,10,36,34,2
910,20,36,33,3
910,35,36,28,8
910,50,36,28,8
910,75,36,24,12
910,100,36,24,12
911,0,41,41,0
911,5,41,41,0
911,10,41,38,3
911,20,41,34,7
911,35,41,34,7
911,50,41,34,7
911,75,41,34,7
911,100,41,34,7
912,0,18,18,0
912,5,18,18,0
912,10,18,18,0
912,20,18,18,0
912,35,18,17,1
912,50,18,17,1
912,75,18,17,1
912,100,18,16,2
913,0,27,27,0
913,5,27,26,1
913,10,27,24,3
913,20,27,22,5
913,35,27,19,8
913,50,27,18,9
913,75,27,18,9
913,100,27,17,10
914,0,20,20,0
914,5,20,20,0
914,10,20,20,0
914,20,20,20,0
914,35,20,19,1
914,50,20,19,1
914,75,20,19,1
914,100,20,19,1
915,0,27,27,0
915,5,27,27,0
915,10,27,27,0
915,20,27,26,1
915,35,27,23,4
915,50,27,23,4
915,75,27,22,5
915,100,27,22,5
916,0,32,32,0
916,5,32,32,0
916,10,32,30,2
916,20,32,30,2
916,35,32,25,7
916,50,32,25,7
916,75,32,25,7
916,100,32,24,8
917,0,53,53,0
917,5,53,51,2
917,10,53,50,3
917,20,53,48,5
917,35,53,45,8
917,50,53,45,8
917,75,53,45,8
917,100,53,45,8
918,0,25,25,0
918,5,25,25,0
918,10,25,25,0
918,20,25,25,0
918,35,25,24,1
918,50,25,24,1
918,75,25,24,1
918,100,25,24,1
919,0,41,41,0
919,5,41,38,3
919,10,41,36,5
919,20,41,35,6
919,35,41,34,7
919,50,41,34,7
919,75,41,33,8
919,100,41,31,10
920,0,34,34,0
920,5,34,34,0
920,10,34,33,1
920,20,34,33,1
920,35,34,30,4
920,50,34,30,4
920,75,34,28,6
920,100,34,27,7
921,0,34,34,0
921,5,34,28,6
921,10,34,28,6
921,20,34,28,6
921,35,34,26,8
921,50,34,26,8
921,75,34,26,8
921,100,34,25,9
922,0,46,46,0
922,5,46,46,0
922,10,46,41,5
922,20,46,40,6
922,35,46,38,8
922,50,46,38,8
922,75,46,38,8
922,100,46,38,8
923,0,39,39,0
923,5,39,39,0
923,10,39,39,0
923,20,39,37,2
923,35,39,30,9
923,50,39,26,13
923,75,39,26,13
923,100,39,15,24
924,0,49,49,0
924,5,49,47,2
924,10,49,44,5
924,20,49,42,7
924,35,49,37,12
924,50,49,36,13
924,75,49,36,13
924,100,49,35,14
925,0,33,33,0
925,5,33,33,0
925,10,33,33,0
925,20,33,33,0
925,35,33,28,5
925,50,33,28,5
925,75,33,25,8
925,100,33,24,9
926,0,46,46,0
926,5,46,46,0
926,10,46,46,0
926,20,46,46,0
926,35,46,44,2
926,50,46,44,2
926,75,46,44,2
926,100,46,44,2
927,0,24,24,0
927,5,24,23,1
927,10,24,19,5
927,20,24,17,7
927,35,24,14,10
927,50,24,14,10
927,75,24,14,10
927,100,24,14,10
928,0,36,36,0
928,5,36,34,2
928,10,36,30,6
928,20,36,29,7
928,35,36,24,12
928,50,36,24,12
928,75,36,24,12
928,100,36,22,14
929,0,32,32,0
929,5,32,32,0
929,10,32,30,2
929,20,32,29,3
929,35,32,25,7
929,50,32,25,7
929,75,32,25,7
929,100,32,23,9
930,0,20,20,0
930,5,20,18,2
930,10,20,18,2
930,20,20,18,2
930,35,20,17,3
930,50,20,13,7
930,75,20,12,8
930,100,20,12,8
931,0,15,15,0
931,5,15,15,0
931,10,15,15,0
931,20,15,12,3
931,35,15,5,10
931,50,15,5,10
931,75,15,5,10
931,100,15,5,10
932,0,17,17,0
932,5,17,17,0
932,10,17,15,2
932,20,17,15,2
932,35,17,7,10
932,50,17,7,10
932,75,17,6,11
932,100,17,5,12
933,0,34,34,0
933,5,34,34,0
933,10,34,30,4
933,20,34,30,4
933,35,34,28,6
933,50,34,28,6
933,75,34,28,6
933,100,34,28,6
934,0,85,85,0
934,5,85,83,2
934,10,85,79,6
934,20,85,78,7
934,35,85,72,13
934,50,85,72,13
934,75,85,71,14
934,100,85,63,22
935,0,47,47,0
935,5,47,47,0
935,10,47,45,2
935,20,47,44,3
935,35,47,39,8
935,50,47,39,8
935,75,47,38,9
935,100,47,36,11
936,0,32,32,0
936,5,32,32,0
936,10,32,31,1
936,20,32,29,3
936,35,32,26,6
936,50,32,25,7
936,75,32,25,7
936,100,32,25,7
937,0,33,33,0
937,5,33,31,2
937,10,33,31,2
937,20,33,27,6
937,35,33,25,8
937,50,33,25,8
937,75,33,25,8
937,100,33,25,8
938,0,28,28,0
938,5,28,27,1
938,10,28,27,1
938,20,28,25,3
938,35,28,25,3
938,50,28,25,3
938,75,28,25,3
938,100,28,25,3
939,0,22,22,0
939,5,22,19,3
939,10,22,16,6
939,20,22,14,8
939,35,22,10,12
939,50,22,10,12
939,75,22,10,12
939,100,22,10,12
940,0,29,29,0
940,5,29,29,0
940,10,29,28,1
940,20,29,28,1
940,35,29,27,2
940,50,29,27,2
940,75,29,26,3
940,100,29,25,4
941,0,21,21,0
941,5,21,21,0
941,10,21,21,0
941,20,21,20,1
941,35,21,19,2
941,50,21,19,2
941,75,21,19,2
941,100,21,19,2
942,0,28,28,0
942,5,28,28,0
942,10,28,26,2
942,20,28,24,4
942,35,28,21,7
942,50,28,21,7
942,75,28,21,7
942,100,28,21,7
943,0,33,33,0
943,5,33,31,2
943,10,33,29,4
943,20,33,28,5
943,35,33,25,8
943,50,33,25,8
943,75,33,24,9
943,100,33,24,9
944,0,49,49,0
944,5,49,47,2
944,10,49,45,4
944,20,49,44,5
944,35,49,40,9
944,50,49,40,9
944,75,49,39,10
944,100,49,39,10
945,0,44,44,0
945,5,44,43,1
945,10,44,42,2
945,20,44,41,3
945,35,44,31,13
945,50,44,31,13
945,75,44,31,13
945,100,44,28,16
946,0,23,23,0
946,5,23,20,3
946,10,23,19,4
946,20,23,16,7
946,35,23,14,9
946,50,23,14,9
946,75,23,14,9
946,100,23,14,9
947,0,33,33,0
947,5,33,32,1
947,10,33,31,2
947,20,33,31,2
947,35,33,30,3
947,50,33,30,3
947,75,33,29,4
947,100,33,29,4
948,0,37,37,0
948,5,37,37,0
948,10,37,34,3
948,20,37,33,4
948,35,37,32,5
948,50,37,32,5
948,75,37,32,5
948,100,37,31,6
949,0,35,35,0
949,5,35,35,0
949,10,35,34,1
949,20,35,34,1
949,35,35,34,1
949,50,35,34,1
949,75,35,34,1
949,100,35,34,1
950,0,31,31,0
950,5,31,31,0
950,10,31,31,0
950,20,31,30,1
950,35,31,29,2
950,50,31,29,2
950,75,31,29,2
950,100,31,28,3
951,0,45,45,0
951,5,45,45,0
951,10,45,45,0
951,20,45,45,0
951,35,45,42,3
951,50,45,42,3
951,75,45,42,3
951,100,45,42,3
952,0,29,29,0
952,5,29,26,3
952,10,29,24,5
952,20,29,23,6
952,35,29,19,10
952,50,29,19,10
952,75,29,19,10
952,100,29,19,10
953,0,42,42,0
953,5,42,41,1
953,10,42,41,1
953,20,42,39,3
953,35,42,37,5
953,50,42,37,5
953,75,42,37,5
953,100,42,36,6
954,0,51,51,0
954,5,51,51,0
954,10,51,49,2
954,20,51,49,2
954,35,51,49,2
954,50,51,49,2
954,75,51,48,3
954,100,51,48,3
955,0,38,38,0
955,5,38,37,1
955,10,38,34,4
955,20,38,33,5
955,35,38,30,8
955,50,38,23,15
955,75,38,23,15
955,100,38,23,15
956,0,45,45,0
956,5,45,45,0
956,10,45,44,1
956,20,45,43,2
956,35,45,41,4
956,50,45,41,4
956,75,45,41,4
956,100,45,41,4
957,0,17,17,0
957,5,17,17,0
957,10,17,15,2
957,20,17,15,2
957,35,17,14,3
957,50,17,14,3
957,75,17,14,3
957,100,17,14,3
958,0,40,40,0
958,5,40,40,0
958,10,40,34,6
958,20,40,33,7
958,35,40,30,10
958,50,40,30,10
958,75,40,30,10
958,100,40,30,10
959,0,31,31,0
959,5,31,30,1
959,10,31,28,3
959,20,31,28,3
959,35,31,26,5
959,50,31,23,8
959,75,31,23,8
959,100,31,23,8
960,0,33,33,0
960,5,33,33,0
960,10,33,32,1
960,20,33,32,1
960,35,33,30,3
960,50,33,30,3
960,75,33,29,4
960,100,33,29,4
961,0,18,18,0
961,5,18,18,0
961,10,18,18,0
961,20,18,18,0
961,35,18,17,1
961,50,18,16,2
961,75,18,16,2
961,100,18,16,2
962,0,62,62,0
962,5,62,62,0
962,10,62,56,6
962,20,62,53,9
962,35,62,42,20
962,50,62,42,20
962,75,62,42,20
962,100,62,41,21
963,0,23,23,0
963,5,23,22,1
963,10,23,19,4
963,20,23,19,4
963,35,23,18,5
963,50,23,17,6
963,75,23,17,6
963,100,23,17,6
964,0,19,19,0
964,5,19,19,0
964,10,19,19,0
964,20,19,18,1
964,35,19,15,4
964,50,19,15,4
964,75,19,15,4
964,100,19,15,4
965,0,32,32,0
965,5,32,32,0
965,10,32,32,0
965,20,32,32,0
965,35,32,32,0
965,50,32,32,0
965,75,32,32,0
965,100,32,32,0
966,0,24,24,0
966,5,24,24,0
966,10,24,24,0
966,20,24,24,0
966,35,24,23,1
966,50,24,23,1
966,75,24,23,1
966,100,24,23,1
967,0,32,32,0
967,5,32,32,0
967,10,32,31,1
967,20,32,27,5
967,35,32,25,7
967,50,32,23,9
967,75,32,23,9
967,100,32,23,9
968,0,34,34,0
968,5,34,33,1
968,10,34,31,3
968,20,34,31,3
968,35,34,29,5
968,50,34,28,6
968,75,34,28,6
968,100,34,28,6
969,0,22,22,0
969,5,22,22,0
969,10,22,21,1
969,20,22,18,4
969,35,22,16,6
969,50,22,16,6
969,75,22,16,6
969,100,22,16,6
970,0,45,45,0
970,5,45,45,0
970,10,45,44,1
970,20,45,41,4
970,35,45,39,6
970,50,45,39,6
970,75,45,39,6
970,100,45,39,6
971,0,32,32,0
971,5,32,32,0
971,10,32,30,2
971,20,32,30,2
971,35,32,28,4
971,50,32,28,4
971,75,32,28,4
971,100,32,28,4
972,0,34,34,0
972,5,34,33,1
972,10,34,32,2
972,20,34,32,2
972,35,34,31,3
972,50,34,31,3
972,75,34,29,5
972,100,34,29,5
973,0,51,51,0
973,5,51,50,1
973,10,51,50,1
973,20,51,50,1
973,35,51,48,3
973,50,51,48,3
973,75,51,48,3
973,100,51,48,3
974,0,37,37,0
974,5,37,31,6
974,10,37,29,8
974,20,37,28,9
974,35,37,24,13
974,50,37,24,13
974,75,37,23,14
974,100,37,22,15
975,0,25,25,0
975,5,25,25,0
975,10,25,25,0
975,20,25,25,0
975,35,25,24,1
975,50,25,23,2
975,75,25,23,2
975,100,25,23,2
976,0,25,25,0
976,5,25,25,0
976,10,25,24,1
976,20,25,22,3
976,35,25,21,4
976,50,25,21,4
976,75,25,19,6
976,100,25,18,7
977,0,28,28,0
977,5,28,28,0
977,10,28,27,1
977,20,28,27,1
977,35,28,26,2
977,50,28,25,3
977,75,28,25,3
977,100,28,25,3
978,0,45,45,0
978,5,45,45,0
978,10,45,45,0
978,20,45,43,2
978,35,45,43,2
978,50,45,43,2
978,75,45,42,3
978,100,45,36,9
979,0,19,19,0
979,5,19,18,1
979,10,19,18,1
979,20,19,16,3
979,35,19,13,6
979,50,19,12,7
979,75,19,12,7
979,100,19,12,7
980,0,25,25,0
980,5,25,25,0
980,10,25,25,0
980,20,25,25,0
980,35,25,23,2
980,50,25,23,2
980,75,25,23,2
980,100,25,23,2
981,0,19,19,0
981,5,19,16,3
981,10,19,16,3
981,20,19,16,3
981,35,19,13,6
981,50,19,13,6
981,75,19,13,6
981,100,19,13,6
982,0,12,12,0
982,5,12,11,1
982,10,12,10,2
982,20,12,10,2
982,35,12,7,5
982,50,12,7,5
982,75,12,7,5
982,100,12,7,5
983,0,34,34,0
983,5,34,34,0
983,10,34,34,0
983,20,34,33,1
983,35,34,30,4
983,50,34,30,4
983,75,34,30,4
983,100,34,30,4
984,0,22,22,0
984,5,22,22,0
984,10,22,22,0
984,20,22,22,0
984,35,22,22,0
984,50,22,21,1
984,75,22,21,1
984,100,22,21,1
985,0,33,33,0
985,5,33,32,1
985,10,33,29,4
985,20,33,28,5
985,35,33,21,12
985,50,33,20,13
985,75,33,20,13
985,100,33,20,13
986,0,33,33,0
986,5,33,32,1
986,10,33,27,6
986,20,33,26,7
986,35,33,21,12
986,50,33,21,12
986,75,33,20,13
986,100,33,20,13
987,0,30,30,0
987,5,30,30,0
987,10,30,30,0
987,20,30,29,1
987,35,30,28,2
987,50,30,28,2
987,75,30,28,2
987,100,30,28,2
988,0,17,17,0
988,5,17,17,0
988,10,17,16,1
988,20,17,14,3
988,35,17,11,6
988,50,17,11,6
988,75,17,11,6
988,100,17,11,6
989,0,59,59,0
989,5,59,59,0
989,10,59,58,1
989,20,59,58,1
989,35,59,53,6
989,50,59,50,9
989,75,59,50,9
989,100,59,49,10
990,0,38,38,0
990,5,38,38,0
990,10,38,31,7
990,20,38,29,9
990,35,38,22,16
990,50,38,22,16
990,75,38,22,16
990,100,38,22,16
991,0,59,59,0
991,5,59,59,0
991,10,59,52,7
991,20,59,52,7
991,35,59,46,13
991,50,59,45,14
991,75,59,45,14
991,100,59,44,15
992,0,64,64,0
992,5,64,64,0
992,10,64,62,2
992,20,64,60,4
992,35,64,55,9
992,50,64,55,9
992,75,64,55,9
992,100,64,55,9
993,0,50,50,0
993,5,50,50,0
993,10,50,47,3
993,20,50,46,4
993,35,50,43,7
993,50,50,38,12
993,75,50,38,12
993,100,50,38,12
994,0,25,25,0
994,5,25,25,0
994,10,25,24,1
994,20,25,24,1
994,35,25,23,2
994,50,25,23,2
994,75,25,23,2
994,100,25,23,2
995,0,53,53,0
995,5,53,53,0
995,10,53,53,0
995,20,53,51,2
995,35,53,51,2
995,50,53,51,2
995,75,53,51,2
995,100,53,43,10
996,0,28,28,0
996,5,28,28,0
996,10,28,26,2
996,20,28,22,6
996,35,28,22,6
996,50,28,22,6
996,75,28,22,6
996,100,28,22,6
997,0,29,29,0
997,5,29,27,2
997,10,29,26,3
997,20,29,26,3
997,35,29,25,4
997,50,29,25,4
997,75,29,24,5
997,100,29,24,5
998,0,25,25,0
998,5,25,25,0
998,10,25,24,1
998,20,25,23,2
998,35,25,21,4
998,50,25,21,4
998,75,25,21,4
998,100,25,21,4
999,0,22,22,0
999,5,22,22,0
999,10,22,20,2
999,20,22,20,2
999,35,22,19,3
999,50,22,19,3
999,75,22,19,3
999,100,22,19,3
1000,0,36,36,0
1000,5,36,36,0
1000,10,36,32,4
1000,20,36,32,4
1000,35,36,31,5
1000,50,36,30,6
1000,75,36,30,6
1000,100,36,29,7
1001,0,70,70,0
1001,5,70,70,0
1001,10,70,69,1
1001,20,70,68,2
1001,35,70,68,2
1001,50,70,68,2
1001,75,70,68,2
1001,100,70,68,2
1002,0,31,31,0
1002,5,31,28,3
1002,10,31,25,6
1002,20,31,25,6
1002,35,31,24,7
1002,50,31,24,7
1002,75,31,24,7
1002,100,31,24,7
1003,0,20,20,0
1003,5,20,20,0
1003,10,20,18,2
1003,20,20,18,2
1003,35,20,14,6
1003,50,20,14,6
1003,75,20,14,6
1003,100,20,14,6
1004,0,43,43,0
1004,5,43,42,1
1004,10,43,40,3
1004,20,43,39,4
1004,35,43,38,5
1004,50,43,38,5
1004,75,43,38,5
1004,100,43,38,5
1005,0,8,8,0
1005,5,8,8,0
1005,10,8,8,0
1005,20,8,8,0
1005,35,8,8,0
1005,50,8,8,0
1005,75,8,8,0
1005,100,8,8,0
1006,0,49,49,0
1006,5,49,46,3
1006,10,49,44,5
1006,20,49,42,7
1006,35,49,39,10
1006,50,49,39,10
1006,75,49,37,12
1006,100,49,35,14
1007,0,34,34,0
1007,5,34,34,0
1007,10,34,34,0
1007,20,34,33,1
1007,35,34,32,2
1007,50,34,32,2
1007,75,34,32,2
1007,100,34,32,2
1008,0,24,24,0
1008,5,24,23,1
1008,10,24,23,1
1008,20,24,22,2
1008,35,24,19,5
1008,50,24,19,5
1008,75,24,19,5
1008,100,24,19,5
1009,0,23,23,0
1009,5,23,21,2
1009,10,23,19,4
1009,20,23,19,4
1009,35,23,17,6
1009,50,23,17,6
1009,75,23,17,6
1009,100,23,17,6
1010,0,36,36,0
1010,5,36,36,0
1010,10,36,36,0
1010,20,36,35,1
1010,35,36,34,2
1010,50,36,33,3
1010,75,36,33,3
1010,100,36,33,3
1011,0,39,39,0
1011,5,39,39,0
1011,10,39,39,0
1011,20,39,39,0
1011,35,39,37,2
1011,50,39,36,3
1011,75,39,36,3
1011,100,39,36,3
1012,0,22,22,0
1012,5,22,22,0
1012,10,22,21,1
1012,20,22,20,2
1012,35,22,19,3
1012,50,22,19,3
1012,75,22,19,3
1012,100,22,19,3
1013,0,34,34,0
1013,5,34,33,1
1013,10,34,31,3
1013,20,34,29,5
1013,35,34,29,5
1013,50,34,29,5
1013,75,34,28,6
1013,100,34,28,6
1014,0,53,53,0
1014,5,53,52,1
1014,10,53,49,4
1014,20,53,47,6
1014,35,53,36,17
1014,50,53,36,17
1014,75,53,35,18
1014,100,53,35,18
1015,0,44,44,0
1015,5,44,44,0
1015,10,44,43,1
1015,20,44,42,2
1015,35,44,42,2
1015,50,44,42,2
1015,75,44,39,5
1015,100,44,39,5
1016,0,25,25,0
1016,5,25,25,0
1016,10,25,25,0
1016,20,25,23,2
1016,35,25,20,5
1016,50,25,19,6
1016,75,25,19,6
1016,100,25,19,6
1017,0,71,71,0
1017,5,71,71,0
1017,10,71,69,2
1017,20,71,67,4
1017,35,71,57,14
1017,50,71,55,16
1017,75,71,54,17
1017,100,71,52,19
1018,0,32,32,0
1018,5,32,32,0
1018,10,32,30,2
1018,20,32,30,2
1018,35,32,28,4
1018,50,32,28,4
1018,75,32,28,4
1018,100,32,24,8
1019,0,17,17,0
1019,5,17,16,1
1019,10,17,15,2
1019,20,17,15,2
1019,35,17,14,3
1019,50,17,14,3
1019,75,17,14,3
1019,100,17,14,3
1020,0,27,27,0
1020,5,27,27,0
1020,10,27,27,0
1020,20,27,25,2
1020,35,27,23,4
1020,50,27,23,4
1020,75,27,20,7
1020,100,27,20,7
1021,0,18,18,0
1021,5,18,18,0
1021,10,18,18,0
1021,20,18,18,0
1021,35,18,17,1
1021,50,18,17,1
1021,75,18,17,1
1021,100,18,16,2
1022,0,25,25,0
1022,5,25,25,0
1022,10,25,23,2
1022,20,25,16,9
1022,35,25,12,13
1022,50,25,11,14
1022,75,25,11,14
1022,100,25,9,16
1023,0,38,38,0
1023,5,38,38,0
1023,10,38,31,7
1023,20,38,29,9
1023,35,38,22,16
1023,50,38,22,16
1023,75,38,22,16
1023,100,38,22,16
1024,0,56,56,0
1024,5,56,56,0
1024,10,56,53,3
1024,20,56,52,4
1024,35,56,50,6
1024,50,56,50,6
1024,75,56,50,6
1024,100,56,48,8
1025,0,22,22,0
1025,5,22,22,0
1025,10,22,21,1
1025,20,22,21,1
1025,35,22,20,2
1025,50,22,20,2
1025,75,22,18,4
1025,100,22,18,4
1026,0,37,37,0
1026,5,37,36,1
1026,10,37,33,4
1026,20,37,33,4
1026,35,37,28,9
1026,50,37,28,9
1026,75,37,27,10
1026,100,37,24,13
1027,0,18,18,0
1027,5,18,18,0
1027,10,18,18,0
1027,20,18,18,0
1027,35,18,18,0
1027,50,18,18,0
1027,75,18,17,1
1027,100,18,17,1
1028,0,39,39,0
1028,5,39,39,0
1028,10,39,39,0
1028,20,39,36,3
1028,35,39,34,5
1028,50,39,33,6
1028,75,39,32,7
1028,100,39,32,7
1029,0,54,54,0
1029,5,54,54,0
1029,10,54,53,1
1029,20,54,50,4
1029,35,54,42,12
1029,50,54,42,12
1029,75,54,42,12
1029,100,54,41,13
1030,0,25,25,0
1030,5,25,25,0
1030,10,25,25,0
1030,20,25,25,0
1030,35,25,25,0
1030,50,25,24,1
1030,75,25,24,1
1030,100,25,24,1
1031,0,65,65,0
1031,5,65,63,2
1031,10,65,60,5
1031,20,65,59,6
1031,35,65,51,14
1031,50,65,51,14
1031,75,65,50,15
1031,100,65,47,18
1032,0,47,47,0
1032,5,47,44,3
1032,10,47,39,8
1032,20,47,38,9
1032,35,47,33,14
1032,50,47,32,15
1032,75,47,32,15
1032,100,47,32,15
1033,0,28,28,0
1033,5,28,28,0
1033,10,28,28,0
1033,20,28,27,1
1033,35,28,26,2
1033,50,28,26,2
1033,75,28,26,2
1033,100,28,26,2
1034,0,25,25,0
1034,5,25,25,0
1034,10,25,25,0
1034,20,25,25,0
1034,35,25,22,3
1034,50,25,21,4
1034,75,25,21,4
1034,100,25,21,4
1035,0,15,15,0
1035,5,15,15,0
1035,10,15,15,0
1035,20,15,12,3
1035,35,15,11,4
1035,50,15,11,4
1035,75,15,11,4
1035,100,15,10,5
1036,0,27,27,0
1036,5,27,27,0
1036,10,27,27,0
1036,20,27,27,0
1036,35,27,24,3
1036,50,27,24,3
1036,75,27,24,3
1036,100,27,24,3
1037,0,72,72,0
1037,5,72,72,0
1037,10,72,69,3
1037,20,72,69,3
1037,35,72,64,8
1037,50,72,63,9
1037,75,72,62,10
1037,100,72,58,14
1038,0,11,11,0
1038,5,11,11,0
1038,10,11,11,0
1038,20,11,11,0
1038,35,11,10,1
1038,50,11,10,1
1038,75,11,10,1
1038,100,11,10,1
1039,0,41,41,0
1039,5,41,41,0
1039,10,41,41,0
1039,20,41,41,0
1039,35,41,41,0
1039,50,41,40,1
1039,75,41,40,1
1039,100,41,40,1
1040,0,35,35,0
1040,5,35,34,1
1040,10,35,34,1
1040,20,35,34,1
1040,35,35,34,1
1040,50,35,34,1
1040,75,35,34,1
1040,100,35,34,1
1041,0,51,51,0
1041,5,51,44,7
1041,10,51,42,9
1041,20,51,41,10
1041,35,51,36,15
1041,50,51,35,16
1041,75,51,35,16
1041,100,51,35,16
1042,0,40,40,0
1042,5,40,35,5
1042,10,40,32,8
1042,20,40,32,8
1042,35,40,29,11
1042,50,40,29,11
1042,75,40,29,11
1042,100,40,28,12
1043,0,39,39,0
1043,5,39,37,2
1043,10,39,33,6
1043,20,39,31,8
1043,35,39,29,10
1043,50,39,29,10
1043,75,39,29,10
1043,100,39,29,10
1044,0,15,15,0
1044,5,15,15,0
1044,10,15,11,4
1044,20,15,11,4
1044,35,15,10,5
1044,50,15,9,6
1044,75,15,9,6
1044,100,15,9,6
1045,0,48,48,0
1045,5,48,48,0
1045,10,48,48,0
1045,20,48,47,1
1045,35,48,45,3
1045,50,48,44,4
1045,75,48,44,4
1045,100,48,44,4
1046,0,62,62,0
1046,5,62,58,4
1046,10,62,53,9
1046,20,62,53,9
1046,35,62,44,18
1046,50,62,43,19
1046,75,62,42,20
1046,100,62,38,24
1047,0,21,21,0
1047,5,21,21,0
1047,10,21,20,1
1047,20,21,20,1
1047,35,21,19,2
1047,50,21,18,3
1047,75,21,18,3
1047,100,21,18,3
1048,0,63,63,0
1048,5,63,63,0
1048,10,63,62,1
1048,20,63,60,3
1048,35,63,58,5
1048,50,63,58,5
1048,75,63,56,7
1048,100,63,56,7
1049,0,39,39,0
1049,5,39,37,2
1049,10,39,34,5
1049,20,39,34,5
1049,35,39,27,12
1049,50,39,27,12
1049,75,39,27,12
1049,100,39,27,12
1050,0,55,55,0
1050,5,55,55,0
1050,10,55,52,3
1050,20,55,49,6
1050,35,55,44,11
1050,50,55,44,11
1050,75,55,44,11
1050,100,55,39,16
1051,0,34,34,0
1051,5,34,34,0
1051,10,34,34,0
1051,20,34,33,1
1051,35,34,24,10
1051,50,34,24,10
1051,75,34,24,10
1051,100,34,24,10
1052,0,29,29,0
1052,5,29,29,0
1052,10,29,29,0
1052,20,29,28,1
1052,35,29,24,5
1052,50,29,24,5
1052,75,29,23,6
1052,100,29,23,6
1053,0,20,20,0
1053,5,20,17,3
1053,10,20,15,5
1053,20,20,14,6
1053,35,20,11,9
1053,50,20,11,9
1053,75,20,10,10
1053,100,20,10,10
1054,0,27,27,0
1054,5,27,27,0
1054,10,27,27,0
1054,20,27,27,0
1054,35,27,22,5
1054,50,27,21,6
1054,75,27,21,6
1054,100,27,21,6
1055,0,35,35,0
1055,5,35,31,4
1055,10,35,29,6
1055,20,35,25,10
1055,35,35,23,12
1055,50,35,23,12
1055,75,35,23,12
1055,100,35,23,12
1056,0,32,32,0
1056,5,32,30,2
1056,10,32,30,2
1056,20,32,29,3
1056,35,32,24,8
1056,50,32,24,8
1056,75,32,24,8
1056,100,32,24,8
1057,0,45,45,0
1057,5,45,45,0
1057,10,45,43,2
1057,20,45,43,2
1057,35,45,41,4
1057,50,45,41,4
1057,75,45,41,4
1057,100,45,39,6
1058,0,37,37,0
1058,5,37,37,0
1058,10,37,37,0
1058,20,37,37,0
1058,35,37,33,4
1058,50,37,33,4
1058,75,37,33,4
1058,100,37,33,4
1059,0,26,26,0
1059,5,26,25,1
1059,10,26,24,2
1059,20,26,21,5
1059,35,26,16,10
1059,50,26,16,10
1059,75,26,16,10
1059,100,26,16,10
1060,0,36,36,0
1060,5,36,36,0
1060,10,36,34,2
1060,20,36,33,3
1060,35,36,28,8
1060,50,36,28,8
1060,75,36,24,12
1060,100,36,24,12
1061,0,20,20,0
1061,5,20,20,0
1061,10,20,20,0
1061,20,20,17,3
1061,35,20,16,4
1061,50,20,14,6
1061,75,20,14,6
1061,100,20,14,6
1062,0,51,51,0
1062,5,51,50,1
1062,10,51,50,1
1062,20,51,48,3
1062,35,51,45,6
1062,50,51,45,6
1062,75,51,45,6
1062,100,51,44,7
1063,0,35,35,0
1063,5,35,35,0
1063,10,35,33,2
1063,20,35,32,3
1063,35,35,29,6
1063,50,35,29,6
1063,75,35,29,6
1063,100,35,29,6
1064,0,40,40,0
1064,5,40,39,1
1064,10,40,39,1
1064,20,40,38,2
1064,35,40,31,9
1064,50,40,29,11
1064,75,40,29,11
1064,100,40,29,11
1065,0,37,37,0
1065,5,37,36,1
1065,10,37,36,1
1065,20,37,36,1
1065,35,37,32,5
1065,50,37,32,5
1065,75,37,32,5
1065,100,37,32,5
1066,0,153,153,0
1066,5,153,153,0
1066,10,153,151,2
1066,20,153,150,3
1066,35,153,144,9
1066,50,153,141,12
1066,75,153,140,13
1066,100,153,130,23
1067,0,41,41,0
1067,5,41,41,0
1067,10,41,41,0
1067,20,41,38,3
1067,35,41,28,13
1067,50,41,24,17
1067,75,41,24,17
1067,100,41,24,17
1068,0,19,19,0
1068,5,19,18,1
1068,10,19,16,3
1068,20,19,15,4
1068,35,19,11,8
1068,50,19,11,8
1068,75,19,10,9
1068,100,19,10,9
1069,0,18,18,0
1069,5,18,18,0
1069,10,18,18,0
1069,20,18,18,0
1069,35,18,18,0
1069,50,18,18,0
1069,75,18,17,1
1069,100,18,17,1
1070,0,35,35,0
1070,5,35,34,1
1070,10,35,30,5
1070,20,35,30,5
1070,35,35,27,8
1070,50,35,26,9
1070,75,35,26,9
1070,100,35,26,9
1071,0,33,33,0
1071,5,33,33,0
1071,10,33,31,2
1071,20,33,30,3
1071,35,33,26,7
1071,50,33,26,7
1071,75,33,26,7
1071,100,33,25,8
1072,0,18,18,0
1072,5,18,18,0
1072,10,18,18,0
1072,20,18,18,0
1072,35,18,18,0
1072,50,18,18,0
1072,75,18,17,1
1072,100,18,17,1
1073,0,29,29,0
1073,5,29,28,1
1073,10,29,27,2
1073,20,29,26,3
1073,35,29,25,4
1073,50,29,25,4
1073,75,29,25,4
1073,100,29,24,5
1074,0,31,31,0
1074,5,31,31,0
1074,10,31,31,0
1074,20,31,31,0
1074,35,31,31,0
1074,50,31,31,0
1074,75,31,30,1
1074,100,31,30,1
1075,0,21,21,0
1075,5,21,21,0
1075,10,21,20,1
1075,20,21,19,2
1075,35,21,17,4
1075,50,21,17,4
1075,75,21,17,4
1075,100,21,17,4
1076,0,27,27,0
1076,5,27,27,0
1076,10,27,26,1
1076,20,27,25,2
1076,35,27,19,8
1076,50,27,19,8
1076,75,27,19,8
1076,100,27,19,8
1077,0,97,97,0
1077,5,97,96,1
1077,10,97,84,13
1077,20,97,78,19
1077,35,97,72,25
1077,50,97,72,25
1077,75,97,72,25
1077,100,97,68,29
1078,0,67,67,0
1078,5,67,67,0
1078,10,67,65,2
1078,20,67,64,3
1078,35,67,62,5
1078,50,67,60,7
1078,75,67,60,7
1078,100,67,54,13
1079,0,78,78,0
1079,5,78,78,0
1079,10,78,75,3
1079,20,78,73,5
1079,35,78,68,10
1079,50,78,66,12
1079,75,78,66,12
1079,100,78,66,12
1080,0,17,17,0
1080,5,17,17,0
1080,10,17,15,2
1080,20,17,15,2
1080,35,17,14,3
1080,50,17,14,3
1080,75,17,14,3
1080,100,17,14,3
1081,0,33,33,0
1081,5,33,33,0
1081,10,33,31,2
1081,20,33,28,5
1081,35,33,27,6
1081,50,33,27,6
1081,75,33,26,7
1081,100,33,26,7
1082,0,41,41,0
1082,5,41,41,0
1082,10,41,39,2
1082,20,41,39,2
1082,35,41,39,2
1082,50,41,39,2
1082,75,41,39,2
1082,100,41,38,3
1083,0,20,20,0
1083,5,20,20,0
1083,10,20,20,0
1083,20,20,19,1
1083,35,20,18,2
1083,50,20,18,2
1083,75,20,18,2
1083,100,20,18,2
1084,0,18,18,0
1084,5,18,18,0
1084,10,18,16,2
1084,20,18,16,2
1084,35,18,15,3
1084,50,18,13,5
1084,75,18,13,5
1084,100,18,13,5
1085,0,49,49,0
1085,5,49,47,2
1085,10,49,45,4
1085,20,49,44,5
1085,35,49,40,9
1085,50,49,40,9
1085,75,49,39,10
1085,100,49,39,10
1086,0,38,38,0
1086,5,38,38,0
1086,10,38,37,1
1086,20,38,36,2
1086,35,38,31,7
1086,50,38,31,7
1086,75,38,30,8
1086,100,38,29,9
1087,0,29,29,0
1087,5,29,28,1
1087,10,29,28,1
1087,20,29,21,8
1087,35,29,20,9
1087,50,29,20,9
1087,75,29,20,9
1087,100,29,20,9
1088,0,29,29,0
1088,5,29,29,0
1088,10,29,27,2
1088,20,29,20,9
1088,35,29,20,9
1088,50,29,20,9
1088,75,29,20,9
1088,100,29,20,9
1089,0,37,37,0
1089,5,37,37,0
1089,10,37,36,1
1089,20,37,35,2
1089,35,37,31,6
1089,50,37,31,6
1089,75,37,31,6
1089,100,37,31,6
1090,0,29,29,0
1090,5,29,29,0
1090,10,29,28,1
1090,20,29,27,2
1090,35,29,25,4
1090,50,29,25,4
1090,75,29,25,4
1090,100,29,25,4
1091,0,37,37,0
1091,5,37,37,0
1091,10,37,35,2
1091,20,37,34,3
1091,35,37,27,10
1091,50,37,27,10
1091,75,37,26,11
1091,100,37,26,11
1092,0,25,25,0
1092,5,25,25,0
1092,10,25,25,0
1092,20,25,21,4
1092,35,25,13,12
1092,50,25,12,13
1092,75,25,12,13
1092,100,25,12,13
1093,0,25,25,0
1093,5,25,25,0
1093,10,25,24,1
1093,20,25,22,3
1093,35,25,21,4
1093,50,25,21,4
1093,75,25,21,4
1093,100,25,21,4
1094,0,96,96,0
1094,5,96,96,0
1094,10,96,94,2
1094,20,96,92,4
1094,35,96,89,7
1094,50,96,87,9
1094,75,96,87,9
1094,100,96,87,9
1095,0,37,37,0
1095,5,37,36,1
1095,10,37,27,10
1095,20,37,27,10
1095,35,37,26,11
1095,50,37,26,11
1095,75,37,26,11
1095,100,37,24,13
1096,0,28,28,0
1096,5,28,28,0
1096,10,28,27,1
1096,20,28,26,2
1096,35,28,26,2
1096,50,28,22,6
1096,75,28,22,6
1096,100,28,21,7
1097,0,48,48,0
1097,5,48,48,0
1097,10,48,48,0
1097,20,48,46,2
1097,35,48,43,5
1097,50,48,42,6
1097,75,48,41,7
1097,100,48,41,7
1098,0,46,46,0
1098,5,46,45,1
1098,10,46,42,4
1098,20,46,41,5
1098,35,46,38,8
1098,50,46,37,9
1098,75,46,37,9
1098,100,46,37,9
1099,0,29,29,0
1099,5,29,29,0
1099,10,29,29,0
1099,20,29,28,1
1099,35,29,24,5
1099,50,29,24,5
1099,75,29,23,6
1099,100,29,23,6
1100,0,19,19,0
1100,5,19,19,0
1100,10,19,17,2
1100,20,19,15,4
1100,35,19,14,5
1100,50,19,14,5
1100,75,19,14,5
1100,100,19,14,5
1101,0,24,24,0
1101,5,24,23,1
1101,10,24,22,2
1101,20,24,22,2
1101,35,24,22,2
1101,50,24,22,2
1101,75,24,22,2
1101,100,24,21,3
1102,0,48,48,0
1102,5,48,48,0
1102,10,48,47,1
1102,20,48,46,2
1102,35,48,42,6
1102,50,48,42,6
1102,75,48,40,8
1102,100,48,40,8
1103,0,25,25,0
1103,5,25,25,0
1103,10,25,24,1
1103,20,25,23,2
1103,35,25,17,8
1103,50,25,17,8
1103,75,25,16,9
1103,100,25,16,9
1104,0,45,45,0
1104,5,45,42,3
1104,10,45,34,11
1104,20,45,32,13
1104,35,45,23,22
1104,50,45,23,22
1104,75,45,23,22
1104,100,45,22,23
1105,0,33,33,0
1105,5,33,32,1
1105,10,33,32,1
1105,20,33,30,3
1105,35,33,29,4
1105,50,33,29,4
1105,75,33,27,6
1105,100,33,26,7
1106,0,38,38,0
1106,5,38,38,0
1106,10,38,37,1
1106,20,38,35,3
1106,35,38,33,5
1106,50,38,33,5
1106,75,38,31,7
1106,100,38,31,7
1107,0,33,33,0
1107,5,33,31,2
1107,10,33,29,4
1107,20,33,29,4
1107,35,33,23,10
1107,50,33,23,10
1107,75,33,23,10
1107,100,33,23,10
1108,0,24,24,0
1108,5,24,24,0
1108,10,24,24,0
1108,20,24,24,0
1108,35,24,17,7
1108,50,24,17,7
1108,75,24,17,7
1108,100,24,16,8
1109,0,30,30,0
1109,5,30,30,0
1109,10,30,27,3
1109,20,30,26,4
1109,35,30,24,6
1109,50,30,23,7
1109,75,30,23,7
1109,100,30,23,7
1110,0,25,25,0
1110,5,25,25,0
1110,10,25,23,2
1110,20,25,22,3
1110,35,25,22,3
1110,50,25,22,3
1110,75,25,22,3
1110,100,25,22,3
1111,0,40,40,0
1111,5,40,40,0
1111,10,40,37,3
1111,20,40,37,3
1111,35,40,31,9
1111,50,40,31,9
1111,75,40,31,9
1111,100,40,28,12
1112,0,60,60,0
1112,5,60,60,0
1112,10,60,53,7
1112,20,60,51,9
1112,35,60,47,13
1112,50,60,47,13
1112,75,60,47,13
1112,100,60,47,13
1113,0,29,29,0
1113,5,29,29,0
1113,10,29,27,2
1113,20,29,27,2
1113,35,29,24,5
1113,50,29,24,5
1113,75,29,24,5
1113,100,29,24,5
1114,0,26,26,0
1114,5,26,24,2
1114,10,26,19,7
1114,20,26,18,8
1114,35,26,15,11
1114,50,26,14,12
1114,75,26,13,13
1114,100,26,13,13
1115,0,30,30,0
1115,5,30,29,1
1115,10,30,29,1
1115,20,30,28,2
1115,35,30,28,2
1115,50,30,28,2
1115,75,30,28,2
1115,100,30,28,2
1116,0,25,25,0
1116,5,25,23,2
1116,10,25,23,2
1116,20,25,23,2
1116,35,25,20,5
1116,50,25,19,6
1116,75,25,19,6
1116,100,25,19,6
1117,0,20,20,0
1117,5,20,17,3
1117,10,20,15,5
1117,20,20,14,6
1117,35,20,11,9
1117,50,20,11,9
1117,75,20,10,10
1117,100,20,10,10
1118,0,26,26,0
1118,5,26,25,1
1118,10,26,24,2
1118,20,26,23,3
1118,35,26,21,5
1118,50,26,21,5
1118,75,26,20,6
1118,100,26,20,6
1119,0,44,44,0
1119,5,44,42,2
1119,10,44,41,3
1119,20,44,39,5
1119,35,44,38,6
1119,50,44,38,6
1119,75,44,38,6
1119,100,44,36,8
1120,0,43,43,0
1120,5,43,41,2
1120,10,43,38,5
1120,20,43,36,7
1120,35,43,33,10
1120,50,43,32,11
1120,75,43,32,11
1120,100,43,32,11
1121,0,14,14,0
1121,5,14,13,1
1121,10,14,13,1
1121,20,14,13,1
1121,35,14,13,1
1121,50,14,13,1
1121,75,14,13,1
1121,100,14,13,1
1122,0,29,29,0
1122,5,29,29,0
1122,10,29,28,1
1122,20,29,28,1
1122,35,29,28,1
1122,50,29,28,1
1122,75,29,28,1
1122,100,29,28,1
1123,0,31,31,0
1123,5,31,31,0
1123,10,31,31,0
1123,20,31,31,0
1123,35,31,25,6
1123,50,31,25,6
1123,75,31,25,6
1123,100,31,25,6
1124,0,56,56,0
1124,5,56,56,0
1124,10,56,55,1
1124,20,56,55,1
1124,35,56,52,4
1124,50,56,52,4
1124,75,56,52,4
1124,100,56,52,4
1125,0,31,31,0
1125,5,31,26,5
1125,10,31,26,5
1125,20,31,26,5
1125,35,31,24,7
1125,50,31,24,7
1125,75,31,24,7
1125,100,31,24,7
1126,0,38,38,0
1126,5,38,36,2
1126,10,38,34,4
1126,20,38,32,6
1126,35,38,31,7
1126,50,38,29,9
1126,75,38,29,9
1126,100,38,29,9
1127,0,39,39,0
1127,5,39,38,1
1127,10,39,37,2
1127,20,39,37,2
1127,35,39,31,8
1127,50,39,31,8
1127,75,39,31,8
1127,100,39,30,9
1128,0,65,65,0
1128,5,65,65,0
1128,10,65,65,0
1128,20,65,65,0
1128,35,65,64,1
1128,50,65,62,3
1128,75,65,61,4
1128,100,65,60,5
1129,0,41,41,0
1129,5,41,41,0
1129,10,41,40,1
1129,20,41,39,2
1129,35,41,37,4
1129,50,41,37,4
1129,75,41,35,6
1129,100,41,32,9
1130,0,25,25,0
1130,5,25,25,0
1130,10,25,24,1
1130,20,25,24,1
1130,35,25,20,5
1130,50,25,17,8
1130,75,25,17,8
1130,100,25,17,8
1131,0,48,48,0
1131,5,48,48,0
1131,10,48,41,7
1131,20,48,41,7
1131,35,48,37,11
1131,50,48,37,11
1131,75,48,37,11
1131,100,48,37,11
1132,0,26,26,0
1132,5,26,25,1
1132,10,26,24,2
1132,20,26,20,6
1132,35,26,11,15
1132,50,26,11,15
1132,75,26,11,15
1132,100,26,11,15
1133,0,23,23,0
1133,5,23,23,0
1133,10,23,22,1
1133,20,23,22,1
1133,35,23,20,3
1133,50,23,20,3
1133,75,23,20,3
1133,100,23,20,3
1134,0,24,24,0
1134,5,24,24,0
1134,10,24,24,0
1134,20,24,22,2
1134,35,24,22,2
1134,50,24,22,2
1134,75,24,22,2
1134,100,24,22,2
1135,0,78,78,0
1135,5,78,78,0
1135,10,78,77,1
1135,20,78,77,1
1135,35,78,77,1
1135,50,78,77,1
1135,75,78,76,2
1135,100,78,76,2
1136,0,33,33,0
1136,5,33,33,0
1136,10,33,32,1
1136,20,33,31,2
1136,35,33,31,2
1136,50,33,30,3
1136,75,33,29,4
1136,100,33,28,5
1137,0,42,42,0
1137,5,42,42,0
1137,10,42,42,0
1137,20,42,38,4
1137,35,42,36,6
1137,50,42,34,8
1137,75,42,32,10
1137,100,42,32,10
1138,0,20,20,0
1138,5,20,20,0
1138,10,20,20,0
1138,20,20,20,0
1138,35,20,19,1
1138,50,20,19,1
1138,75,20,19,1
1138,100,20,19,1
1139,0,38,38,0
1139,5,38,38,0
1139,10,38,31,7
1139,20,38,29,9
1139,35,38,22,16
1139,50,38,22,16
1139,75,38,22,16
1139,100,38,22,16
1140,0,52,52,0
1140,5,52,52,0
1140,10,52,52,0
1140,20,52,50,2
1140,35,52,46,6
1140,50,52,46,6
1140,75,52,46,6
1140,100,52,46,6
1141,0,19,19,0
1141,5,19,19,0
1141,10,19,19,0
1141,20,19,18,1
1141,35,19,15,4
1141,50,19,15,4
1141,75,19,15,4
1141,100,19,15,4
1142,0,33,33,0
1142,5,33,32,1
1142,10,33,31,2
1142,20,33,31,2
1142,35,33,31,2
1142,50,33,31,2
1142,75,33,30,3
1142,100,33,29,4
1143,0,48,48,0
1143,5,48,48,0
1143,10,48,48,0
1143,20,48,46,2
1143,35,48,43,5
1143,50,48,42,6
1143,75,48,41,7
1143,100,48,41,7
1144,0,36,36,0
1144,5,36,36,0
1144,10,36,35,1
1144,20,36,34,2
1144,35,36,33,3
1144,50,36,33,3
1144,75,36,32,4
1144,100,36,32,4
1145,0,57,57,0
1145,5,57,56,1
1145,10,57,56,1
1145,20,57,55,2
1145,35,57,48,9
1145,50,57,48,9
1145,75,57,48,9
1145,100,57,48,9
1146,0,30,30,0
1146,5,30,30,0
1146,10,30,30,0
1146,20,30,29,1
1146,35,30,28,2
1146,50,30,28,2
1146,75,30,28,2
1146,100,30,28,2
1147,0,58,58,0
1147,5,58,58,0
1147,10,58,56,2
1147,20,58,55,3
1147,35,58,46,12
1147,50,58,45,13
1147,75,58,45,13
1147,100,58,45,13
1148,0,24,24,0
1148,5,24,24,0
1148,10,24,22,2
1148,20,24,22,2
1148,35,24,21,3
1148,50,24,21,3
1148,75,24,21,3
1148,100,24,21,3
1149,0,47,47,0
1149,5,47,45,2
1149,10,47,43,4
1149,20,47,42,5
1149,35,47,40,7
1149,50,47,40,7
1149,75,47,40,7
1149,100,47,40,7
1150,0,21,21,0
1150,5,21,21,0
1150,10,21,20,1
1150,20,21,19,2
1150,35,21,18,3
1150,50,21,17,4
1150,75,21,16,5
1150,100,21,16,5
1151,0,45,45,0
1151,5,45,45,0
1151,10,45,40,5
1151,20,45,39,6
1151,35,45,38,7
1151,50,45,38,7
1151,75,45,38,7
1151,100,45,37,8
1152,0,17,17,0
1152,5,17,17,0
1152,10,17,17,0
1152,20,17,17,0
1152,35,17,17,0
1152,50,17,16,1
1152,75,17,16,1
1152,100,17,16,1
1153,0,48,48,0
1153,5,48,48,0
1153,10,48,42,6
1153,20,48,40,8
1153,35,48,35,13
1153,50,48,35,13
1153,75,48,35,13
1153,100,48,35,13
1154,0,28,28,0
1154,5,28,28,0
1154,10,28,27,1
1154,20,28,27,1
1154,35,28,26,2
1154,50,28,25,3
1154,75,28,25,3
1154,100,28,25,3
1155,0,50,50,0
1155,5,50,48,2
1155,10,50,45,5
1155,20,50,45,5
1155,35,50,42,8
1155,50,50,42,8
1155,75,50,42,8
1155,100,50,41,9
1156,0,21,21,0
1156,5,21,19,2
1156,10,21,19,2
1156,20,21,19,2
1156,35,21,17,4
1156,50,21,17,4
1156,75,21,16,5
1156,100,21,16,5
1157,0,27,27,0
1157,5,27,27,0
1157,10,27,24,3
1157,20,27,23,4
1157,35,27,21,6
1157,50,27,21,6
1157,75,27,21,6
1157,100,27,21,6
1158,0,45,45,0
1158,5,45,45,0
1158,10,45,44,1
1158,20,45,41,4
1158,35,45,30,15
1158,50,45,30,15
1158,75,45,29,16
1158,100,45,29,16
1159,0,34,34,0
1159,5,34,33,1
1159,10,34,31,3
1159,20,34,30,4
1159,35,34,28,6
1159,50,34,22,12
1159,75,34,22,12
1159,100,34,22,12
1160,0,50,50,0
1160,5,50,49,1
1160,10,50,47,3
1160,20,50,45,5
1160,35,50,41,9
1160,50,50,40,10
1160,75,50,40,10
1160,100,50,40,10
1161,0,26,26,0
1161,5,26,24,2
1161,10,26,23,3
1161,20,26,22,4
1161,35,26,22,4
1161,50,26,22,4
1161,75,26,22,4
1161,100,26,22,4
1162,0,44,44,0
1162,5,44,44,0
1162,10,44,43,1
1162,20,44,43,1
1162,35,44,38,6
1162,50,44,37,7
1162,75,44,37,7
1162,100,44,37,7
1163,0,20,20,0
1163,5,20,20,0
1163,10,20,20,0
1163,20,20,20,0
1163,35,20,16,4
1163,50,20,15,5
1163,75,20,15,5
1163,100,20,15,5
1164,0,121,121,0
1164,5,121,118,3
1164,10,121,106,15
1164,20,121,99,22
1164,35,121,92,29
1164,50,121,91,30
1164,75,121,91,30
1164,100,121,88,33
1165,0,39,39,0
1165,5,39,39,0
1165,10,39,38,1
1165,20,39,37,2
1165,35,39,36,3
1165,50,39,35,4
1165,75,39,35,4
1165,100,39,33,6
1166,0,31,31,0
1166,5,31,31,0
1166,10,31,31,0
1166,20,31,30,1
1166,35,31,28,3
1166,50,31,28,3
1166,75,31,28,3
1166,100,31,28,3
1167,0,25,25,0
1167,5,25,25,0
1167,10,25,25,0
1167,20,25,25,0
1167,35,25,23,2
1167,50,25,23,2
1167,75,25,22,3
1167,100,25,22,3
1168,0,19,19,0
1168,5,19,18,1
1168,10,19,18,1
1168,20,19,17,2
1168,35,19,17,2
1168,50,19,15,4
1168,75,19,15,4
1168,100,19,15,4
1169,0,48,48,0
1169,5,48,47,1
1169,10,48,41,7
1169,20,48,37,11
1169,35,48,30,18
1169,50,48,29,19
1169,75,48,28,20
1169,100,48,25,23
1170,0,32,32,0
1170,5,32,32,0
1170,10,32,30,2
1170,20,32,28,4
1170,35,32,26,6
1170,50,32,26,6
1170,75,32,26,6
1170,100,32,26,6
1171,0,43,43,0
1171,5,43,43,0
1171,10,43,43,0
1171,20,43,41,2
1171,35,43,41,2
1171,50,43,41,2
1171,75,43,38,5
1171,100,43,38,5
1172,0,16,16,0
1172,5,16,16,0
1172,10,16,16,0
1172,20,16,16,0
1172,35,16,16,0
1172,50,16,15,1
1172,75,16,15,1
1172,100,16,15,1
1173,0,66,66,0
1173,5,66,66,0
1173,10,66,65,1
1173,20,66,62,4
1173,35,66,58,8
1173,50,66,58,8
1173,75,66,57,9
1173,100,66,57,9
1174,0,24,24,0
1174,5,24,24,0
1174,10,24,23,1
1174,20,24,21,3
1174,35,24,20,4
1174,50,24,20,4
1174,75,24,20,4
1174,100,24,20,4
1175,0,39,39,0
1175,5,39,39,0
1175,10,39,34,5
1175,20,39,33,6
1175,35,39,30,9
1175,50,39,30,9
1175,75,39,30,9
1175,100,39,30,9
1176,0,39,39,0
1176,5,39,37,2
1176,10,39,33,6
1176,20,39,31,8
1176,35,39,29,10
1176,50,39,29,10
1176,75,39,29,10
1176,100,39,29,10
1177,0,37,37,0
1177,5,37,36,1
1177,10,37,36,1
1177,20,37,36,1
1177,35,37,36,1
1177,50,37,36,1
1177,75,37,35,2
1177,100,37,27,10
1178,0,37,37,0
1178,5,37,37,0
1178,10,37,36,1
1178,20,37,36,1
1178,35,37,35,2
1178,50,37,35,2
1178,75,37,35,2
1178,100,37,35,2
1179,0,17,17,0
1179,5,17,16,1
1179,10,17,16,1
1179,20,17,15,2
1179,35,17,13,4
1179,50,17,13,4
1179,75,17,13,4
1179,100,17,13,4
1180,0,39,39,0
1180,5,39,39,0
1180,10,39,39,0
1180,20,39,36,3
1180,35,39,28,11
1180,50,39,28,11
1180,75,39,28,11
1180,100,39,28,11
1181,0,37,37,0
1181,5,37,37,0
1181,10,37,37,0
1181,20,37,37,0
1181,35,37,33,4
1181,50,37,33,4
1181,75,37,33,4
1181,100,37,32,5
1182,0,41,41,0
1182,5,41,41,0
1182,10,41,41,0
1182,20,41,38,3
1182,35,41,33,8
1182,50,41,33,8
1182,75,41,33,8
1182,100,41,33,8
1183,0,42,42,0
1183,5,42,41,1
1183,10,42,39,3
1183,20,42,38,4
1183,35,42,38,4
1183,50,42,38,4
1183,75,42,38,4
1183,100,42,37,5
1184,0,53,53,0
1184,5,53,53,0
1184,10,53,50,3
1184,20,53,49,4
1184,35,53,48,5
1184,50,53,48,5
1184,75,53,48,5
1184,100,53,48,5
1185,0,23,23,0
1185,5,23,23,0
1185,10,23,21,2
1185,20,23,21,2
1185,35,23,18,5
1185,50,23,18,5
1185,75,23,17,6
1185,100,23,17,6
1186,0,32,32,0
1186,5,32,32,0
1186,10,32,32,0
1186,20,32,30,2
1186,35,32,27,5
1186,50,32,27,5
1186,75,32,27,5
1186,100,32,24,8
1187,0,48,48,0
1187,5,48,47,1
1187,10,48,43,5
1187,20,48,41,7
1187,35,48,37,11
1187,50,48,36,12
1187,75,48,36,12
1187,100,48,34,14
1188,0,49,49,0
1188,5,49,45,4
1188,10,49,41,8
1188,20,49,41,8
1188,35,49,37,12
1188,50,49,37,12
1188,75,49,36,13
1188,100,49,36,13
1189,0,35,35,0
1189,5,35,35,0
1189,10,35,34,1
1189,20,35,34,1
1189,35,35,34,1
1189,50,35,34,1
1189,75,35,34,1
1189,100,35,34,1
1190,0,24,24,0
1190,5,24,22,2
1190,10,24,22,2
1190,20,24,22,2
1190,35,24,20,4
1190,50,24,20,4
1190,75,24,19,5
1190,100,24,19,5
1191,0,33,33,0
1191,5,33,33,0
1191,10,33,32,1
1191,20,33,32,1
1191,35,33,29,4
1191,50,33,28,5
1191,75,33,28,5
1191,100,33,28,5
1192,0,29,29,0
1192,5,29,29,0
1192,10,29,24,5
1192,20,29,24,5
1192,35,29,24,5
1192,50,29,24,5
1192,75,29,23,6
1192,100,29,23,6
1193,0,34,34,0
1193,5,34,34,0
1193,10,34,34,0
1193,20,34,34,0
1193,35,34,33,1
1193,50,34,33,1
1193,75,34,33,1
1193,100,34,33,1
1194,0,27,27,0
1194,5,27,27,0
1194,10,27,27,0
1194,20,27,23,4
1194,35,27,22,5
1194,50,27,22,5
1194,75,27,22,5
1194,100,27,22,5
1195,0,43,43,0
1195,5,43,43,0
1195,10,43,42,1
1195,20,43,42,1
1195,35,43,39,4
1195,50,43,37,6
1195,75,43,37,6
1195,100,43,36,7
1196,0,37,37,0
1196,5,37,31,6
1196,10,37,29,8
1196,20,37,28,9
1196,35,37,24,13
1196,50,37,24,13
1196,75,37,23,14
1196,100,37,22,15
1197,0,46,46,0
1197,5,46,46,0
1197,10,46,46,0
1197,20,46,46,0
1197,35,46,45,1
1197,50,46,40,6
1197,75,46,40,6
1197,100,46,40,6
1198,0,45,45,0
1198,5,45,45,0
1198,10,45,45,0
1198,20,45,45,0
1198,35,45,43,2
1198,50,45,41,4
1198,75,45,41,4
1198,100,45,40,5
1199,0,19,19,0
1199,5,19,19,0
1199,10,19,19,0
1199,20,19,17,2
1199,35,19,17,2
1199,50,19,17,2
1199,75,19,17,2
1199,100,19,17,2
1200,0,24,24,0
1200,5,24,24,0
1200,10,24,24,0
1200,20,24,24,0
1200,35,24,24,0
1200,50,24,24,0
1200,75,24,24,0
1200,100,24,24,0
1201,0,53,53,0
1201,5,53,52,1
1201,10,53,52,1
1201,20,53,51,2
1201,35,53,50,3
1201,50,53,50,3
1201,75,53,50,3
1201,100,53,44,9
1202,0,23,23,0
1202,5,23,23,0
1202,10,23,23,0
1202,20,23,23,0
1202,35,23,23,0
1202,50,23,23,0
1202,75,23,23,0
1202,100,23,21,2
1203,0,51,51,0
1203,5,51,51,0
1203,10,51,49,2
1203,20,51,46,5
1203,35,51,45,6
1203,50,51,44,7
1203,75,51,44,7
1203,100,51,44,7
1204,0,43,43,0
1204,5,43,43,0
1204,10,43,43,0
1204,20,43,43,0
1204,35,43,34,9
1204,50,43,29,14
1204,75,43,29,14
1204,100,43,28,15
1205,0,32,32,0
1205,5,32,31,1
1205,10,32,30,2
1205,20,32,30,2
1205,35,32,21,11
1205,50,32,21,11
1205,75,32,21,11
1205,100,32,20,12
1206,0,34,34,0
1206,5,34,31,3
1206,10,34,31,3
1206,20,34,31,3
1206,35,34,25,9
1206,50,34,25,9
1206,75,34,25,9
1206,100,34,25,9
1207,0,14,14,0
1207,5,14,14,0
1207,10,14,14,0
1207,20,14,14,0
1207,35,14,14,0
1207,50,14,14,0
1207,75,14,14,0
1207,100,14,14,0
1208,0,28,28,0
1208,5,28,28,0
1208,10,28,27,1
1208,20,28,26,2
1208,35,28,25,3
1208,50,28,23,5
1208,75,28,23,5
1208,100,28,23,5
1209,0,32,32,0
1209,5,32,32,0
1209,10,32,32,0
1209,20,32,32,0
1209,35,32,28,4
1209,50,32,28,4
1209,75,32,27,5
1209,100,32,27,5
1210,0,83,83,0
1210,5,83,83,0
1210,10,83,81,2
1210,20,83,81,2
1210,35,83,79,4
1210,50,83,78,5
1210,75,83,78,5
1210,100,83,74,9
1211,0,45,45,0
1211,5,45,43,2
1211,10,45,41,4
1211,20,45,39,6
1211,35,45,37,8
1211,50,45,37,8
1211,75,45,36,9
1211,100,45,36,9
1212,0,37,37,0
1212,5,37,36,1
1212,10,37,32,5
1212,20,37,31,6
1212,35,37,29,8
1212,50,37,28,9
1212,75,37,28,9
1212,100,37,27,10
1213,0,39,39,0
1213,5,39,39,0
1213,10,39,36,3
1213,20,39,35,4
1213,35,39,35,4
1213,50,39,35,4
1213,75,39,35,4
1213,100,39,35,4
1214,0,39,39,0
1214,5,39,39,0
1214,10,39,38,1
1214,20,39,38,1
1214,35,39,35,4
1214,50,39,35,4
1214,75,39,35,4
1214,100,39,35,4
1215,0,40,40,0
1215,5,40,39,1
1215,10,40,39,1
1215,20,40,38,2
1215,35,40,31,9
1215,50,40,31,9
1215,75,40,31,9
1215,100,40,31,9
1216,0,23,23,0
1216,5,23,23,0
1216,10,23,23,0
1216,20,23,22,1
1216,35,23,17,6
1216,50,23,17,6
1216,75,23,17,6
1216,100,23,17,6
1217,0,27,27,0
1217,5,27,26,1
1217,10,27,25,2
1217,20,27,22,5
1217,35,27,19,8
1217,50,27,19,8
1217,75,27,19,8
1217,100,27,18,9
1218,0,18,18,0
1218,5,18,18,0
1218,10,18,18,0
1218,20,18,18,0
1218,35,18,18,0
1218,50,18,17,1
1218,75,18,15,3
1218,100,18,15,3
1219,0,63,63,0
1219,5,63,62,1
1219,10,63,61,2
1219,20,63,61,2
1219,35,63,55,8
1219,50,63,55,8
1219,75,63,55,8
1219,100,63,50,13
1220,0,27,27,0
1220,5,27,26,1
1220,10,27,24,3
1220,20,27,24,3
1220,35,27,22,5
1220,50,27,22,5
1220,75,27,21,6
1220,100,27,19,8
1221,0,34,34,0
1221,5,34,34,0
1221,10,34,34,0
1221,20,34,34,0
1221,35,34,32,2
1221,50,34,30,4
1221,75,34,30,4
1221,100,34,30,4
1222,0,30,30,0
1222,5,30,30,0
1222,10,30,30,0
1222,20,30,29,1
1222,35,30,23,7
1222,50,30,23,7
1222,75,30,23,7
1222,100,30,23,7
1223,0,39,39,0
1223,5,39,39,0
1223,10,39,38,1
1223,20,39,37,2
1223,35,39,31,8
1223,50,39,31,8
1223,75,39,31,8
1223,100,39,31,8
1224,0,23,23,0
1224,5,23,22,1
1224,10,23,22,1
1224,20,23,22,1
1224,35,23,20,3
1224,50,23,20,3
1224,75,23,19,4
1224,100,23,19,4
1225,0,26,26,0
1225,5,26,25,1
1225,10,26,24,2
1225,20,26,24,2
1225,35,26,20,6
1225,50,26,20,6
1225,75,26,20,6
1225,100,26,20,6
1226,0,13,13,0
1226,5,13,11,2
1226,10,13,11,2
1226,20,13,11,2
1226,35,13,10,3
1226,50,13,10,3
1226,75,13,10,3
1226,100,13,10,3
1227,0,27,27,0
1227,5,27,27,0
1227,10,27,27,0
1227,20,27,23,4
1227,35,27,22,5
1227,50,27,22,5
1227,75,27,22,5
1227,100,27,22,5
1228,0,62,62,0
1228,5,62,62,0
1228,10,62,59,3
1228,20,62,58,4
1228,35,62,56,6
1228,50,62,56,6
1228,75,62,56,6
1228,100,62,56,6
1229,0,19,19,0
1229,5,19,18,1
1229,10,19,17,2
1229,20,19,17,2
1229,35,19,11,8
1229,50,19,11,8
1229,75,19,11,8
1229,100,19,11,8
1230,0,26,26,0
1230,5,26,26,0
1230,10,26,24,2
1230,20,26,23,3
1230,35,26,20,6
1230,50,26,20,6
1230,75,26,19,7
1230,100,26,19,7
1231,0,57,57,0
1231,5,57,52,5
1231,10,57,50,7
1231,20,57,48,9
1231,35,57,46,11
1231,50,57,46,11
1231,75,57,46,11
1231,100,57,41,16
1232,0,23,23,0
1232,5,23,23,0
1232,10,23,23,0
1232,20,23,22,1
1232,35,23,19,4
1232,50,23,19,4
1232,75,23,19,4
1232,100,23,19,4
1233,0,40,40,0
1233,5,40,39,1
1233,10,40,38,2
1233,20,40,38,2
1233,35,40,29,11
1233,50,40,26,14
1233,75,40,26,14
1233,100,40,26,14
1234,0,32,32,0
1234,5,32,32,0
1234,10,32,32,0
1234,20,32,30,2
1234,35,32,29,3
1234,50,32,28,4
1234,75,32,28,4
1234,100,32,28,4
1235,0,7,7,0
1235,5,7,7,0
1235,10,7,7,0
1235,20,7,7,0
1235,35,7,7,0
1235,50,7,7,0
1235,75,7,7,0
1235,100,7,7,0
1236,0,47,47,0
1236,5,47,47,0
1236,10,47,46,1
1236,20,47,44,3
1236,35,47,37,10
1236,50,47,37,10
1236,75,47,37,10
1236,100,47,36,11
1237,0,104,104,0
1237,5,104,101,3
1237,10,104,97,7
1237,20,104,96,8
1237,35,104,90,14
1237,50,104,90,14
1237,75,104,89,15
1237,100,104,85,19
1238,0,22,22,0
1238,5,22,22,0
1238,10,22,21,1
1238,20,22,21,1
1238,35,22,18,4
1238,50,22,18,4
1238,75,22,17,5
1238,100,22,17,5
1239,0,24,24,0
1239,5,24,23,1
1239,10,24,21,3
1239,20,24,20,4
1239,35,24,17,7
1239,50,24,17,7
1239,75,24,17,7
1239,100,24,17,7
1240,0,33,33,0
1240,5,33,33,0
1240,10,33,32,1
1240,20,33,31,2
1240,35,33,26,7
1240,50,33,26,7
1240,75,33,25,8
1240,100,33,25,8
1241,0,24,24,0
1241,5,24,24,0
1241,10,24,24,0
1241,20,24,24,0
1241,35,24,22,2
1241,50,24,22,2
1241,75,24,22,2
1241,100,24,22,2
1242,0,20,20,0
1242,5,20,17,3
1242,10,20,15,5
1242,20,20,14,6
1242,35,20,11,9
1242,50,20,11,9
1242,75,20,10,10
1242,100,20,10,10
1243,0,43,43,0
1243,5,43,42,1
1243,10,43,41,2
1243,20,43,40,3
1243,35,43,40,3
1243,50,43,40,3
1243,75,43,38,5
1243,100,43,38,5
1244,0,32,32,0
1244,5,32,32,0
1244,10,32,30,2
1244,20,32,27,5
1244,35,32,24,8
1244,50,32,24,8
1244,75,32,24,8
1244,100,32,24,8
1245,0,45,45,0
1245,5,45,43,2
1245,10,45,40,5
1245,20,45,40,5
1245,35,45,36,9
1245,50,45,36,9
1245,75,45,36,9
1245,100,45,36,9
1246,0,38,38,0
1246,5,38,38,0
1246,10,38,36,2
1246,20,38,34,4
1246,35,38,30,8
1246,50,38,30,8
1246,75,38,30,8
1246,100,38,29,9
1247,0,27,27,0
1247,5,27,27,0
1247,10,27,25,2
1247,20,27,24,3
1247,35,27,21,6
1247,50,27,21,6
1247,75,27,21,6
1247,100,27,21,6
1248,0,28,28,0
1248,5,28,28,0
1248,10,28,27,1
1248,20,28,26,2
1248,35,28,25,3
1248,50,28,23,5
1248,75,28,23,5
1248,100,28,23,5
1249,0,37,37,0
1249,5,37,36,1
1249,10,37,33,4
1249,20,37,32,5
1249,35,37,30,7
1249,50,37,30,7
1249,75,37,30,7
1249,100,37,29,8
1250,0,60,60,0
1250,5,60,57,3
1250,10,60,51,9
1250,20,60,49,11
1250,35,60,44,16
1250,50,60,44,16
1250,75,60,44,16
1250,100,60,44,16
1251,0,19,19,0
1251,5,19,19,0
1251,10,19,18,1
1251,20,19,16,3
1251,35,19,16,3
1251,50,19,15,4
1251,75,19,15,4
1251,100,19,15,4
1252,0,44,44,0
1252,5,44,44,0
1252,10,44,43,1
1252,20,44,43,1
1252,35,44,38,6
1252,50,44,37,7
1252,75,44,37,7
1252,100,44,37,7
1253,0,25,25,0
1253,5,25,24,1
1253,10,25,23,2
1253,20,25,22,3
1253,35,25,20,5
1253,50,25,19,6
1253,75,25,19,6
1253,100,25,19,6
1254,0,32,32,0
1254,5,32,32,0
1254,10,32,31,1
1254,20,32,31,1
1254,35,32,29,3
1254,50,32,27,5
1254,75,32,27,5
1254,100,32,27,5
1255,0,19,19,0
1255,5,19,19,0
1255,10,19,18,1
1255,20,19,16,3
1255,35,19,13,6
1255,50,19,12,7
1255,75,19,12,7
1255,100,19,12,7
1256,0,50,50,0
1256,5,50,50,0
1256,10,50,45,5
1256,20,50,43,7
1256,35,50,39,11
1256,50,50,38,12
1256,75,50,36,14
1256,100,50,34,16
1257,0,17,17,0
1257,5,17,17,0
1257,10,17,17,0
1257,20,17,16,1
1257,35,17,12,5
1257,50,17,12,5
1257,75,17,12,5
1257,100,17,12,5
1258,0,39,39,0
1258,5,39,39,0
1258,10,39,39,0
1258,20,39,39,0
1258,35,39,38,1
1258,50,39,38,1
1258,75,39,38,1
1258,100,39,37,2
1259,0,22,22,0
1259,5,22,17,5
1259,10,22,15,7
1259,20,22,14,8
1259,35,22,13,9
1259,50,22,13,9
1259,75,22,13,9
1259,100,22,13,9
1260,0,40,40,0
1260,5,40,40,0
1260,10,40,39,1
1260,20,40,36,4
1260,35,40,27,13
1260,50,40,27,13
1260,75,40,27,13
1260,100,40,26,14
1261,0,26,26,0
1261,5,26,26,0
1261,10,26,26,0
1261,20,26,25,1
1261,35,26,21,5
1261,50,26,21,5
1261,75,26,21,5
1261,100,26,21,5
1262,0,34,34,0
1262,5,34,34,0
1262,10,34,32,2
1262,20,34,32,2
1262,35,34,31,3
1262,50,34,31,3
1262,75,34,30,4
1262,100,34,29,5
1263,0,32,32,0
1263,5,32,32,0
1263,10,32,26,6
1263,20,32,25,7
1263,35,32,24,8
1263,50,32,24,8
1263,75,32,24,8
1263,100,32,24,8
1264,0,29,29,0
1264,5,29,29,0
1264,10,29,29,0
1264,20,29,29,0
1264,35,29,24,5
1264,50,29,24,5
1264,75,29,23,6
1264,100,29,22,7
1265,0,31,31,0
1265,5,31,31,0
1265,10,31,31,0
1265,20,31,30,1
1265,35,31,29,2
1265,50,31,29,2
1265,75,31,29,2
1265,100,31,28,3
1266,0,31,31,0
1266,5,31,31,0
1266,10,31,31,0
1266,20,31,31,0
1266,35,31,31,0
1266,50,31,25,6
1266,75,31,25,6
1266,100,31,24,7
1267,0,27,27,0
1267,5,27,27,0
1267,10,27,24,3
1267,20,27,24,3
1267,35,27,20,7
1267,50,27,20,7
1267,75,27,19,8
1267,100,27,19,8
1268,0,42,42,0
1268,5,42,42,0
1268,10,42,41,1
1268,20,42,41,1
1268,35,42,37,5
1268,50,42,37,5
1268,75,42,37,5
1268,100,42,37,5
1269,0,39,39,0
1269,5,39,39,0
1269,10,39,37,2
1269,20,39,36,3
1269,35,39,35,4
1269,50,39,32,7
1269,75,39,31,8
1269,100,39,31,8
1270,0,25,25,0
1270,5,25,24,1
1270,10,25,22,3
1270,20,25,21,4
1270,35,25,20,5
1270,50,25,19,6
1270,75,25,19,6
1270,100,25,19,6
1271,0,40,40,0
1271,5,40,40,0
1271,10,40,37,3
1271,20,40,33,7
1271,35,40,27,13
1271,50,40,23,17
1271,75,40,23,17
1271,100,40,21,19
1272,0,36,36,0
1272,5,36,36,0
1272,10,36,36,0
1272,20,36,35,1
1272,35,36,34,2
1272,50,36,34,2
1272,75,36,34,2
1272,100,36,32,4
1273,0,29,29,0
1273,5,29,29,0
1273,10,29,29,0
1273,20,29,28,1
1273,35,29,24,5
1273,50,29,24,5
1273,75,29,23,6
1273,100,29,23,6
1274,0,29,29,0
1274,5,29,29,0
1274,10,29,29,0
1274,20,29,28,1
1274,35,29,23,6
1274,50,29,23,6
1274,75,29,23,6
1274,100,29,23,6
1275,0,30,30,0
1275,5,30,29,1
1275,10,30,27,3
1275,20,30,27,3
1275,35,30,26,4
1275,50,30,26,4
1275,75,30,26,4
1275,100,30,26,4
1276,0,16,16,0
1276,5,16,15,1
1276,10,16,15,1
1276,20,16,15,1
1276,35,16,15,1
1276,50,16,15,1
1276,75,16,14,2
1276,100,16,14,2
1277,0,72,72,0
1277,5,72,72,0
1277,10,72,69,3
1277,20,72,68,4
1277,35,72,63,9
1277,50,72,60,12
1277,75,72,58,14
1277,100,72,56,16
1278,0,24,24,0
1278,5,24,24,0
1278,10,24,22,2
1278,20,24,22,2
1278,35,24,21,3
1278,50,24,21,3
1278,75,24,21,3
1278,100,24,21,3
1279,0,32,32,0
1279,5,32,32,0
1279,10,32,30,2
1279,20,32,29,3
1279,35,32,25,7
1279,50,32,25,7
1279,75,32,25,7
1279,100,32,23,9
1280,0,31,31,0
1280,5,31,31,0
1280,10,31,29,2
1280,20,31,29,2
1280,35,31,28,3
1280,50,31,28,3
1280,75,31,27,4
1280,100,31,27,4
1281,0,32,32,0
1281,5,32,32,0
1281,10,32,30,2
1281,20,32,28,4
1281,35,32,25,7
1281,50,32,25,7
1281,75,32,25,7
1281,100,32,25,7
1282,0,50,50,0
1282,5,50,49,1
1282,10,50,49,1
1282,20,50,48,2
1282,35,50,38,12
1282,50,50,38,12
1282,75,50,38,12
1282,100,50,38,12
1283,0,29,29,0
1283,5,29,27,2
1283,10,29,26,3
1283,20,29,26,3
1283,35,29,21,8
1283,50,29,21,8
1283,75,29,20,9
1283,100,29,20,9
1284,0,31,31,0
1284,5,31,31,0
1284,10,31,29,2
1284,20,31,23,8
1284,35,31,22,9
1284,50,31,22,9
1284,75,31,18,13
1284,100,31,18,13
1285,0,33,33,0
1285,5,33,33,0
1285,10,33,33,0
1285,20,33,32,1
1285,35,33,32,1
1285,50,33,32,1
1285,75,33,32,1
1285,100,33,31,2
1286,0,45,45,0
1286,5,45,45,0
1286,10,45,44,1
1286,20,45,43,2
1286,35,45,41,4
1286,50,45,41,4
1286,75,45,41,4
1286,100,45,41,4
1287,0,43,43,0
1287,5,43,40,3
1287,10,43,40,3
1287,20,43,38,5
1287,35,43,33,10
1287,50,43,31,12
1287,75,43,31,12
1287,100,43,31,12
1288,0,49,49,0
1288,5,49,48,1
1288,10,49,44,5
1288,20,49,44,5
1288,35,49,42,7
1288,50,49,42,7
1288,75,49,42,7
1288,100,49,42,7
1289,0,23,23,0
1289,5,23,22,1
1289,10,23,22,1
1289,20,23,21,2
1289,35,23,17,6
1289,50,23,17,6
1289,75,23,17,6
1289,100,23,17,6
1290,0,30,30,0
1290,5,30,29,1
1290,10,30,28,2
1290,20,30,28,2
1290,35,30,27,3
1290,50,30,26,4
1290,75,30,26,4
1290,100,30,26,4
1291,0,48,48,0
1291,5,48,46,2
1291,10,48,35,13
1291,20,48,32,16
1291,35,48,29,19
1291,50,48,29,19
1291,75,48,28,20
1291,100,48,28,20
1292,0,31,31,0
1292,5,31,31,0
1292,10,31,31,0
1292,20,31,30,1
1292,35,31,29,2
1292,50,31,29,2
1292,75,31,29,2
1292,100,31,28,3
1293,0,23,23,0
1293,5,23,23,0
1293,10,23,23,0
1293,20,23,22,1
1293,35,23,21,2
1293,50,23,18,5
1293,75,23,18,5
1293,100,23,18,5
1294,0,58,58,0
1294,5,58,58,0
1294,10,58,56,2
1294,20,58,56,2
1294,35,58,51,7
1294,50,58,46,12
1294,75,58,46,12
1294,100,58,45,13
1295,0,21,21,0
1295,5,21,21,0
1295,10,21,20,1
1295,20,21,19,2
1295,35,21,18,3
1295,50,21,18,3
1295,75,21,18,3
1295,100,21,18,3
1296,0,14,14,0
1296,5,14,14,0
1296,10,14,14,0
1296,20,14,13,1
1296,35,14,10,4
1296,50,14,9,5
1296,75,14,9,5
1296,100,14,9,5
1297,0,24,24,0
1297,5,24,23,1
1297,10,24,19,5
1297,20,24,17,7
1297,35,24,14,10
1297,50,24,14,10
1297,75,24,14,10
1297,100,24,14,10
1298,0,44,44,0
1298,5,44,43,1
1298,10,44,40,4
1298,20,44,39,5
1298,35,44,37,7
1298,50,44,36,8
1298,75,44,36,8
1298,100,44,36,8
1299,0,43,43,0
1299,5,43,38,5
1299,10,43,34,9
1299,20,43,32,11
1299,35,43,29,14
1299,50,43,29,14
1299,75,43,29,14
1299,100,43,29,14
1300,0,12,12,0
1300,5,12,12,0
1300,10,12,11,1
1300,20,12,9,3
1300,35,12,8,4
1300,50,12,8,4
1300,75,12,8,4
1300,100,12,8,4
1301,0,24,24,0
1301,5,24,24,0
1301,10,24,24,0
1301,20,24,23,1
1301,35,24,23,1
1301,50,24,23,1
1301,75,24,23,1
1301,100,24,21,3
1302,0,42,42,0
1302,5,42,42,0
1302,10,42,41,1
1302,20,42,39,3
1302,35,42,34,8
1302,50,42,34,8
1302,75,42,34,8
1302,100,42,34,8
1303,0,56,56,0
1303,5,56,56,0
1303,10,56,48,8
1303,20,56,46,10
1303,35,56,43,13
1303,50,56,42,14
1303,75,56,42,14
1303,100,56,41,15
1304,0,49,49,0
1304,5,49,49,0
1304,10,49,47,2
1304,20,49,46,3
1304,35,49,36,13
1304,50,49,36,13
1304,75,49,36,13
1304,100,49,34,15
1305,0,30,30,0
1305,5,30,29,1
1305,10,30,26,4
1305,20,30,24,6
1305,35,30,22,8
1305,50,30,22,8
1305,75,30,22,8
1305,100,30,22,8
1306,0,14,14,0
1306,5,14,14,0
1306,10,14,14,0
1306,20,14,12,2
1306,35,14,12,2
1306,50,14,12,2
1306,75,14,12,2
1306,100,14,12,2
1307,0,42,42,0
1307,5,42,42,0
1307,10,42,40,2
1307,20,42,38,4
1307,35,42,32,10
1307,50,42,32,10
1307,75,42,32,10
1307,100,42,32,10
1308,0,40,40,0
1308,5,40,39,1
1308,10,40,38,2
1308,20,40,38,2
1308,35,40,36,4
1308,50,40,36,4
1308,75,40,36,4
1308,100,40,36,4
1309,0,33,33,0
1309,5,33,33,0
1309,10,33,33,0
1309,20,33,32,1
1309,35,33,29,4
1309,50,33,29,4
1309,75,33,29,4
1309,100,33,28,5
1310,0,31,31,0
1310,5,31,31,0
1310,10,31,24,7
1310,20,31,23,8
1310,35,31,18,13
1310,50,31,17,14
1310,75,31,17,14
1310,100,31,17,14
1311,0,50,50,0
1311,5,50,48,2
1311,10,50,44,6
1311,20,50,43,7
1311,35,50,36,14
1311,50,50,36,14
1311,75,50,36,14
1311,100,50,36,14
1312,0,42,42,0
1312,5,42,42,0
1312,10,42,41,1
1312,20,42,39,3
1312,35,42,31,11
1312,50,42,31,11
1312,75,42,30,12
1312,100,42,30,12
1313,0,18,18,0
1313,5,18,17,1
1313,10,18,17,1
1313,20,18,17,1
1313,35,18,17,1
1313,50,18,17,1
1313,75,18,17,1
1313,100,18,17,1
1314,0,30,30,0
1314,5,30,30,0
1314,10,30,29,1
1314,20,30,27,3
1314,35,30,27,3
1314,50,30,27,3
1314,75,30,26,4
1314,100,30,26,4
1315,0,38,38,0
1315,5,38,38,0
1315,10,38,35,3
1315,20,38,35,3
1315,35,38,26,12
1315,50,38,24,14
1315,75,38,24,14
1315,100,38,24,14
1316,0,34,34,0
1316,5,34,34,0
1316,10,34,34,0
1316,20,34,34,0
1316,35,34,29,5
1316,50,34,29,5
1316,75,34,28,6
1316,100,34,28,6
1317,0,17,17,0
1317,5,17,17,0
1317,10,17,15,2
1317,20,17,15,2
1317,35,17,14,3
1317,50,17,14,3
1317,75,17,14,3
1317,100,17,14,3
1318,0,46,46,0
1318,5,46,46,0
1318,10,46,44,2
1318,20,46,43,3
1318,35,46,37,9
1318,50,46,36,10
1318,75,46,36,10
1318,100,46,36,10
1319,0,18,18,0
1319,5,18,18,0
1319,10,18,17,1
1319,20,18,13,5
1319,35,18,11,7
1319,50,18,11,7
1319,75,18,11,7
1319,100,18,11,7
1320,0,16,16,0
1320,5,16,16,0
1320,10,16,16,0
1320,20,16,16,0
1320,35,16,16,0
1320,50,16,15,1
1320,75,16,15,1
1320,100,16,15,1
1321,0,58,58,0
1321,5,58,54,4
1321,10,58,47,11
1321,20,58,41,17
1321,35,58,37,21
1321,50,58,36,22
1321,75,58,36,22
1321,100,58,34,24
1322,0,19,19,0
1322,5,19,17,2
1322,10,19,15,4
1322,20,19,15,4
1322,35,19,14,5
1322,50,19,14,5
1322,75,19,14,5
1322,100,19,13,6
1323,0,24,24,0
1323,5,24,24,0
1323,10,24,24,0
1323,20,24,23,1
1323,35,24,20,4
1323,50,24,20,4
1323,75,24,20,4
1323,100,24,20,4
1324,0,20,20,0
1324,5,20,20,0
1324,10,20,20,0
1324,20,20,20,0
1324,35,20,18,2
1324,50,20,18,2
1324,75,20,18,2
1324,100,20,18,2
1325,0,39,39,0
1325,5,39,39,0
1325,10,39,39,0
1325,20,39,37,2
1325,35,39,30,9
1325,50,39,26,13
1325,75,39,26,13
1325,100,39,15,24
1326,0,59,59,0
1326,5,59,59,0
1326,10,59,58,1
1326,20,59,55,4
1326,35,59,49,10
1326,50,59,49,10
1326,75,59,49,10
1326,100,59,49,10
1327,0,21,21,0
1327,5,21,21,0
1327,10,21,20,1
1327,20,21,19,2
1327,35,21,18,3
1327,50,21,17,4
1327,75,21,16,5
1327,100,21,16,5
1328,0,32,32,0
1328,5,32,32,0
1328,10,32,32,0
1328,20,32,30,2
1328,35,32,29,3
1328,50,32,28,4
1328,75,32,28,4
1328,100,32,28,4
1329,0,43,43,0
1329,5,43,43,0
1329,10,43,42,1
1329,20,43,41,2
1329,35,43,33,10
1329,50,43,32,11
1329,75,43,32,11
1329,100,43,30,13
1330,0,61,61,0
1330,5,61,61,0
1330,10,61,57,4
1330,20,61,55,6
1330,35,61,53,8
1330,50,61,50,11
1330,75,61,50,11
1330,100,61,50,11
1331,0,25,25,0
1331,5,25,25,0
1331,10,25,25,0
1331,20,25,25,0
1331,35,25,23,2
1331,50,25,23,2
1331,75,25,22,3
1331,100,25,22,3
1332,0,62,62,0
1332,5,62,60,2
1332,10,62,54,8
1332,20,62,49,13
1332,35,62,44,18
1332,50,62,44,18
1332,75,62,44,18
1332,100,62,41,21
1333,0,51,51,0
1333,5,51,49,2
1333,10,51,46,5
1333,20,51,46,5
1333,35,51,46,5
1333,50,51,44,7
1333,75,51,44,7
1333,100,51,44,7
1334,0,52,52,0
1334,5,52,52,0
1334,10,52,50,2
1334,20,52,46,6
1334,35,52,44,8
1334,50,52,43,9
1334,75,52,42,10
1334,100,52,40,12
1335,0,17,17,0
1335,5,17,17,0
1335,10,17,15,2
1335,20,17,13,4
1335,35,17,11,6
1335,50,17,11,6
1335,75,17,11,6
1335,100,17,11,6
1336,0,20,20,0
1336,5,20,20,0
1336,10,20,20,0
1336,20,20,19,1
1336,35,20,19,1
1336,50,20,19,1
1336,75,20,19,1
1336,100,20,19,1
1337,0,33,33,0
1337,5,33,33,0
1337,10,33,31,2
1337,20,33,31,2
1337,35,33,29,4
1337,50,33,29,4
1337,75,33,29,4
1337,100,33,29,4
1338,0,54,54,0
1338,5,54,54,0
1338,10,54,51,3
1338,20,54,50,4
1338,35,54,46,8
1338,50,54,46,8
1338,75,54,46,8
1338,100,54,46,8
1339,0,20,20,0
1339,5,20,20,0
1339,10,20,20,0
1339,20,20,19,1
1339,35,20,17,3
1339,50,20,17,3
1339,75,20,17,3
1339,100,20,17,3
1340,0,37,37,0
1340,5,37,35,2
1340,10,37,35,2
1340,20,37,33,4
1340,35,37,30,7
1340,50,37,30,7
1340,75,37,30,7
1340,100,37,30,7
1341,0,42,42,0
1341,5,42,39,3
1341,10,42,38,4
1341,20,42,38,4
1341,35,42,36,6
1341,50,42,33,9
1341,75,42,31,11
1341,100,42,28,14
1342,0,32,32,0
1342,5,32,32,0
1342,10,32,32,0
1342,20,32,29,3
1342,35,32,23,9
1342,50,32,23,9
1342,75,32,23,9
1342,100,32,23,9
1343,0,26,26,0
1343,5,26,26,0
1343,10,26,25,1
1343,20,26,23,3
1343,35,26,21,5
1343,50,26,21,5
1343,75,26,21,5
1343,100,26,21,5
1344,0,30,30,0
1344,5,30,28,2
1344,10,30,26,4
1344,20,30,18,12
1344,35,30,11,19
1344,50,30,11,19
1344,75,30,11,19
1344,100,30,11,19
1345,0,39,39,0
1345,5,39,37,2
1345,10,39,33,6
1345,20,39,31,8
1345,35,39,29,10
1345,50,39,29,10
1345,75,39,29,10
1345,100,39,29,10
1346,0,29,29,0
1346,5,29,28,1
1346,10,29,28,1
1346,20,29,21,8
1346,35,29,20,9
1346,50,29,20,9
1346,75,29,20,9
1346,100,29,20,9
1347,0,48,48,0
1347,5,48,47,1
1347,10,48,43,5
1347,20,48,42,6
1347,35,48,35,13
1347,50,48,35,13
1347,75,48,35,13
1347,100,48,35,13
1348,0,53,53,0
1348,5,53,51,2
1348,10,53,48,5
1348,20,53,48,5
1348,35,53,43,10
1348,50,53,43,10
1348,75,53,43,10
1348,100,53,40,13
1349,0,37,37,0
1349,5,37,37,0
1349,10,37,37,0
1349,20,37,36,1
1349,35,37,33,4
1349,50,37,33,4
1349,75,37,32,5
1349,100,37,32,5
1350,0,21,21,0
1350,5,21,20,1
1350,10,21,18,3
1350,20,21,18,3
1350,35,21,18,3
1350,50,21,18,3
1350,75,21,18,3
1350,100,21,18,3
1351,0,15,15,0
1351,5,15,15,0
1351,10,15,15,0
1351,20,15,15,0
1351,35,15,14,1
1351,50,15,14,1
1351,75,15,14,1
1351,100,15,14,1
1352,0,24,24,0
1352,5,24,24,0
1352,10,24,24,0
1352,20,24,23,1
1352,35,24,20,4
1352,50,24,20,4
1352,75,24,20,4
1352,100,24,20,4
1353,0,31,31,0
1353,5,31,31,0
1353,10,31,31,0
1353,20,31,30,1
1353,35,31,29,2
1353,50,31,29,2
1353,75,31,28,3
1353,100,31,27,4
1354,0,17,17,0
1354,5,17,17,0
1354,10,17,16,1
1354,20,17,14,3
1354,35,17,11,6
1354,50,17,11,6
1354,75,17,11,6
1354,100,17,11,6
1355,0,23,23,0
1355,5,23,23,0
1355,10,23,23,0
1355,20,23,22,1
1355,35,23,21,2
1355,50,23,18,5
1355,75,23,18,5
1355,100,23,18,5
1356,0,20,20,0
1356,5,20,20,0
1356,10,20,20,0
1356,20,20,18,2
1356,35,20,16,4
1356,50,20,16,4
1356,75,20,16,4
1356,100,20,16,4
1357,0,32,32,0
1357,5,32,32,0
1357,10,32,32,0
1357,20,32,32,0
1357,35,32,30,2
1357,50,32,30,2
1357,75,32,30,2
1357,100,32,30,2
1358,0,20,20,0
1358,5,20,20,0
1358,10,20,20,0
1358,20,20,20,0
1358,35,20,17,3
1358,50,20,16,4
1358,75,20,16,4
1358,100,20,15,5
1359,0,18,18,0
1359,5,18,18,0
1359,10,18,18,0
1359,20,18,16,2
1359,35,18,14,4
1359,50,18,14,4
1359,75,18,14,4
1359,100,18,14,4
1360,0,28,28,0
1360,5,28,27,1
1360,10,28,27,1
1360,20,28,25,3
1360,35,28,24,4
1360,50,28,24,4
1360,75,28,24,4
1360,100,28,24,4
1361,0,64,64,0
1361,5,64,63,1
1361,10,64,60,4
1361,20,64,59,5
1361,35,64,56,8
1361,50,64,54,10
1361,75,64,53,11
1361,100,64,48,16
1362,0,18,18,0
1362,5,18,17,1
1362,10,18,16,2
1362,20,18,15,3
1362,35,18,10,8
1362,50,18,10,8
1362,75,18,10,8
1362,100,18,10,8
1363,0,19,19,0
1363,5,19,19,0
1363,10,19,19,0
1363,20,19,15,4
1363,35,19,8,11
1363,50,19,8,11
1363,75,19,8,11
1363,100,19,8,11
1364,0,29,29,0
1364,5,29,29,0
1364,10,29,29,0
1364,20,29,28,1
1364,35,29,22,7
1364,50,29,22,7
1364,75,29,21,8
1364,100,29,20,9
1365,0,70,70,0
1365,5,70,70,0
1365,10,70,69,1
1365,20,70,68,2
1365,35,70,68,2
1365,50,70,68,2
1365,75,70,68,2
1365,100,70,68,2
1366,0,48,48,0
1366,5,48,48,0
1366,10,48,47,1
1366,20,48,46,2
1366,35,48,42,6
1366,50,48,42,6
1366,75,48,40,8
1366,100,48,40,8
1367,0,45,45,0
1367,5,45,44,1
1367,10,45,41,4
1367,20,45,38,7
1367,35,45,36,9
1367,50,45,36,9
1367,75,45,35,10
1367,100,45,35,10
1368,0,31,31,0
1368,5,31,31,0
1368,10,31,30,1
1368,20,31,30,1
1368,35,31,28,3
1368,50,31,27,4
1368,75,31,25,6
1368,100,31,25,6
1369,0,25,25,0
1369,5,25,25,0
1369,10,25,25,0
1369,20,25,25,0
1369,35,25,24,1
1369,50,25,24,1
1369,75,25,24,1
1369,100,25,21,4
1370,0,30,30,0
1370,5,30,30,0
1370,10,30,29,1
1370,20,30,28,2
1370,35,30,21,9
1370,50,30,21,9
1370,75,30,21,9
1370,100,30,20,10
1371,0,20,20,0
1371,5,20,20,0
1371,10,20,17,3
1371,20,20,17,3
1371,35,20,16,4
1371,50,20,16,4
1371,75,20,16,4
1371,100,20,16,4
1372,0,35,35,0
1372,5,35,31,4
1372,10,35,29,6
1372,20,35,25,10
1372,35,35,23,12
1372,50,35,23,12
1372,75,35,23,12
1372,100,35,23,12
1373,0,19,19,0
1373,5,19,19,0
1373,10,19,18,1
1373,20,19,18,1
1373,35,19,17,2
1373,50,19,17,2
1373,75,19,16,3
1373,100,19,16,3
1374,0,20,20,0
1374,5,20,20,0
1374,10,20,19,1
1374,20,20,17,3
1374,35,20,14,6
1374,50,20,14,6
1374,75,20,14,6
1374,100,20,14,6
1375,0,14,14,0
1375,5,14,14,0
1375,10,14,13,1
1375,20,14,13,1
1375,35,14,13,1
1375,50,14,13,1
1375,75,14,13,1
1375,100,14,13,1
1376,0,28,28,0
1376,5,28,26,2
1376,10,28,24,4
1376,20,28,23,5
1376,35,28,22,6
1376,50,28,22,6
1376,75,28,22,6
1376,100,28,22,6
1377,0,23,23,0
1377,5,23,20,3
1377,10,23,20,3
1377,20,23,19,4
1377,35,23,18,5
1377,50,23,18,5
1377,75,23,18,5
1377,100,23,17,6
1378,0,17,17,0
1378,5,17,16,1
1378,10,17,13,4
1378,20,17,13,4
1378,35,17,12,5
1378,50,17,12,5
1378,75,17,12,5
1378,100,17,12,5
1379,0,46,46,0
1379,5,46,46,0
1379,10,46,46,0
1379,20,46,46,0
1379,35,46,45,1
1379,50,46,44,2
1379,75,46,44,2
1379,100,46,44,2
1380,0,37,37,0
1380,5,37,37,0
1380,10,37,37,0
1380,20,37,37,0
1380,35,37,33,4
1380,50,37,33,4
1380,75,37,33,4
1380,100,37,33,4
1381,0,37,37,0
1381,5,37,37,0
1381,10,37,37,0
1381,20,37,36,1
1381,35,37,35,2
1381,50,37,35,2
1381,75,37,34,3
1381,100,37,34,3
1382,0,51,51,0
1382,5,51,50,1
1382,10,51,46,5
1382,20,51,46,5
1382,35,51,36,15
1382,50,51,35,16
1382,75,51,35,16
1382,100,51,35,16
1383,0,27,27,0
1383,5,27,26,1
1383,10,27,26,1
1383,20,27,24,3
1383,35,27,19,8
1383,50,27,19,8
1383,75,27,19,8
1383,100,27,19,8
1384,0,39,39,0
1384,5,39,38,1
1384,10,39,37,2
1384,20,39,37,2
1384,35,39,37,2
1384,50,39,37,2
1384,75,39,36,3
1384,100,39,36,3
1385,0,21,21,0
1385,5,21,19,2
1385,10,21,16,5
1385,20,21,16,5
1385,35,21,15,6
1385,50,21,15,6
1385,75,21,15,6
1385,100,21,15,6
1386,0,62,62,0
1386,5,62,62,0
1386,10,62,58,4
1386,20,62,55,7
1386,35,62,48,14
1386,50,62,48,14
1386,75,62,48,14
1386,100,62,48,14
1387,0,50,50,0
1387,5,50,49,1
1387,10,50,47,3
1387,20,50,45,5
1387,35,50,42,8
1387,50,50,42,8
1387,75,50,42,8
1387,100,50,42,8
1388,0,19,19,0
1388,5,19,18,1
1388,10,19,18,1
1388,20,19,16,3
1388,35,19,13,6
1388,50,19,12,7
1388,75,19,12,7
1388,100,19,12,7
1389,0,33,33,0
1389,5,33,33,0
1389,10,33,33,0
1389,20,33,31,2
1389,35,33,28,5
1389,50,33,28,5
1389,75,33,28,5
1389,100,33,28,5
1390,0,27,27,0
1390,5,27,26,1
1390,10,27,26,1
1390,20,27,25,2
1390,35,27,24,3
1390,50,27,23,4
1390,75,27,23,4
1390,100,27,23,4
1391,0,67,67,0
1391,5,67,64,3
1391,10,67,59,8
1391,20,67,57,10
1391,35,67,53,14
1391,50,67,52,15
1391,75,67,51,16
1391,100,67,46,21
1392,0,18,18,0
1392,5,18,16,2
1392,10,18,16,2
1392,20,18,16,2
1392,35,18,16,2
1392,50,18,15,3
1392,75,18,15,3
1392,100,18,15,3
1393,0,19,19,0
1393,5,19,19,0
1393,10,19,19,0
1393,20,19,19,0
1393,35,19,18,1
1393,50,19,18,1
1393,75,19,17,2
1393,100,19,17,2
1394,0,101,101,0
1394,5,101,101,0
1394,10,101,99,2
1394,20,101,99,2
1394,35,101,97,4
1394,50,101,97,4
1394,75,101,97,4
1394,100,101,78,23
1395,0,18,18,0
1395,5,18,18,0
1395,10,18,15,3
1395,20,18,14,4
1395,35,18,14,4
1395,50,18,13,5
1395,75,18,13,5
1395,100,18,13,5
1396,0,34,34,0
1396,5,34,33,1
1396,10,34,32,2
1396,20,34,32,2
1396,35,34,31,3
1396,50,34,31,3
1396,75,34,29,5
1396,100,34,29,5
1397,0,38,38,0
1397,5,38,34,4
1397,10,38,33,5
1397,20,38,32,6
1397,35,38,27,11
1397,50,38,26,12
1397,75,38,26,12
1397,100,38,23,15
1398,0,29,29,0
1398,5,29,29,0
1398,10,29,28,1
1398,20,29,28,1
1398,35,29,28,1
1398,50,29,28,1
1398,75,29,28,1
1398,100,29,28,1
1399,0,41,41,0
1399,5,41,39,2
1399,10,41,38,3
1399,20,41,36,5
1399,35,41,34,7
1399,50,41,33,8
1399,75,41,33,8
1399,100,41,33,8
1400,0,30,30,0
1400,5,30,29,1
1400,10,30,26,4
1400,20,30,24,6
1400,35,30,22,8
1400,50,30,22,8
1400,75,30,22,8
1400,100,30,22,8
1401,0,22,22,0
1401,5,22,22,0
1401,10,22,18,4
1401,20,22,18,4
1401,35,22,13,9
1401,50,22,13,9
1401,75,22,13,9
1401,100,22,13,9
1402,0,23,23,0
1402,5,23,23,0
1402,10,23,22,1
1402,20,23,22,1
1402,35,23,20,3
1402,50,23,19,4
1402,75,23,18,5
1402,100,23,18,5
1403,0,28,28,0
1403,5,28,25,3
1403,10,28,24,4
1403,20,28,24,4
1403,35,28,22,6
1403,50,28,22,6
1403,75,28,21,7
1403,100,28,20,8
1404,0,65,65,0
1404,5,65,64,1
1404,10,65,59,6
1404,20,65,58,7
1404,35,65,55,10
1404,50,65,52,13
1404,75,65,52,13
1404,100,65,52,13
1405,0,20,20,0
1405,5,20,20,0
1405,10,20,19,1
1405,20,20,18,2
1405,35,20,18,2
1405,50,20,18,2
1405,75,20,18,2
1405,100,20,17,3
1406,0,42,42,0
1406,5,42,42,0
1406,10,42,41,1
1406,20,42,40,2
1406,35,42,38,4
1406,50,42,38,4
1406,75,42,38,4
1406,100,42,36,6
1407,0,45,45,0
1407,5,45,44,1
1407,10,45,41,4
1407,20,45,36,9
1407,35,45,33,12
1407,50,45,32,13
1407,75,45,32,13
1407,100,45,32,13
1408,0,18,18,0
1408,5,18,18,0
1408,10,18,18,0
1408,20,18,16,2
1408,35,18,14,4
1408,50,18,14,4
1408,75,18,14,4
1408,100,18,14,4
1409,0,34,34,0
1409,5,34,30,4
1409,10,34,27,7
1409,20,34,24,10
1409,35,34,18,16
1409,50,34,18,16
1409,75,34,18,16
1409,100,34,18,16
1410,0,19,19,0
1410,5,19,17,2
1410,10,19,15,4
1410,20,19,15,4
1410,35,19,14,5
1410,50,19,14,5
1410,75,19,14,5
1410,100,19,13,6
1411,0,54,54,0
1411,5,54,53,1
1411,10,54,52,2
1411,20,54,50,4
1411,35,54,47,7
1411,50,54,47,7
1411,75,54,47,7
1411,100,54,44,10
1412,0,43,43,0
1412,5,43,43,0
1412,10,43,42,1
1412,20,43,42,1
1412,35,43,39,4
1412,50,43,37,6
1412,75,43,37,6
1412,100,43,36,7
1413,0,23,23,0
1413,5,23,23,0
1413,10,23,23,0
1413,20,23,22,1
1413,35,23,21,2
1413,50,23,20,3
1413,75,23,20,3
1413,100,23,20,3
1414,0,21,21,0
1414,5,21,21,0
1414,10,21,20,1
1414,20,21,20,1
1414,35,21,20,1
1414,50,21,17,4
1414,75,21,17,4
1414,100,21,17,4
1415,0,56,56,0
1415,5,56,56,0
1415,10,56,53,3
1415,20,56,49,7
1415,35,56,47,9
1415,50,56,47,9
1415,75,56,47,9
1415,100,56,47,9
1416,0,20,20,0
1416,5,20,20,0
1416,10,20,20,0
1416,20,20,19,1
1416,35,20,19,1
1416,50,20,19,1
1416,75,20,19,1
1416,100,20,18,2
1417,0,34,34,0
1417,5,34,34,0
1417,10,34,33,1
1417,20,34,30,4
1417,35,34,30,4
1417,50,34,30,4
1417,75,34,30,4
1417,100,34,29,5
1418,0,24,24,0
1418,5,24,24,0
1418,10,24,20,4
1418,20,24,20,4
1418,35,24,17,7
1418,50,24,17,7
1418,75,24,17,7
1418,100,24,17,7
1419,0,65,65,0
1419,5,65,64,1
1419,10,65,64,1
1419,20,65,64,1
1419,35,65,64,1
1419,50,65,64,1
1419,75,65,64,1
1419,100,65,62,3
1420,0,23,23,0
1420,5,23,23,0
1420,10,23,23,0
1420,20,23,23,0
1420,35,23,23,0
1420,50,23,22,1
1420,75,23,22,1
1420,100,23,22,1
1421,0,25,25,0
1421,5,25,25,0
1421,10,25,25,0
1421,20,25,25,0
1421,35,25,23,2
1421,50,25,23,2
1421,75,25,22,3
1421,100,25,22,3
1422,0,54,54,0
1422,5,54,54,0
1422,10,54,54,0
1422,20,54,54,0
1422,35,54,53,1
1422,50,54,53,1
1422,75,54,53,1
1422,100,54,53,1
1423,0,50,50,0
1423,5,50,48,2
1423,10,50,47,3
1423,20,50,38,12
1423,35,50,37,13
1423,50,50,37,13
1423,75,50,36,14
1423,100,50,36,14
1424,0,38,38,0
1424,5,38,38,0
1424,10,38,31,7
1424,20,38,29,9
1424,35,38,22,16
1424,50,38,22,16
1424,75,38,22,16
1424,100,38,22,16
1425,0,26,26,0
1425,5,26,26,0
1425,10,26,24,2
1425,20,26,24,2
1425,35,26,24,2
1425,50,26,24,2
1425,75,26,24,2
1425,100,26,24,2
1426,0,24,24,0
1426,5,24,24,0
1426,10,24,23,1
1426,20,24,23,1
1426,35,24,16,8
1426,50,24,16,8
1426,75,24,16,8
1426,100,24,15,9
1427,0,38,38,0
1427,5,38,33,5
1427,10,38,32,6
1427,20,38,31,7
1427,35,38,31,7
1427,50,38,31,7
1427,75,38,30,8
1427,100,38,30,8
1428,0,45,45,0
1428,5,45,44,1
1428,10,45,44,1
1428,20,45,44,1
1428,35,45,41,4
1428,50,45,41,4
1428,75,45,41,4
1428,100,45,41,4
1429,0,43,43,0
1429,5,43,43,0
1429,10,43,43,0
1429,20,43,40,3
1429,35,43,38,5
1429,50,43,38,5
1429,75,43,37,6
1429,100,43,37,6
1430,0,28,28,0
1430,5,28,28,0
1430,10,28,27,1
1430,20,28,27,1
1430,35,28,26,2
1430,50,28,25,3
1430,75,28,25,3
1430,100,28,25,3
1431,0,36,36,0
1431,5,36,36,0
1431,10,36,34,2
1431,20,36,32,4
1431,35,36,31,5
1431,50,36,31,5
1431,75,36,31,5
1431,100,36,24,12
1432,0,38,38,0
1432,5,38,38,0
1432,10,38,38,0
1432,20,38,37,1
1432,35,38,32,6
1432,50,38,32,6
1432,75,38,31,7
1432,100,38,31,7
1433,0,49,49,0
1433,5,49,49,0
1433,10,49,49,0
1433,20,49,49,0
1433,35,49,46,3
1433,50,49,46,3
1433,75,49,46,3
1433,100,49,43,6
1434,0,25,25,0
1434,5,25,25,0
1434,10,25,25,0
1434,20,25,25,0
1434,35,25,25,0
1434,50,25,24,1
1434,75,25,24,1
1434,100,25,24,1
1435,0,31,31,0
1435,5,31,31,0
1435,10,31,31,0
1435,20,31,28,3
1435,35,31,26,5
1435,50,31,26,5
1435,75,31,26,5
1435,100,31,22,9
1436,0,20,20,0
1436,5,20,17,3
1436,10,20,15,5
1436,20,20,14,6
1436,35,20,11,9
1436,50,20,11,9
1436,75,20,10,10
1436,100,20,10,10
1437,0,37,37,0
1437,5,37,36,1
1437,10,37,35,2
1437,20,37,27,10
1437,35,37,23,14
1437,50,37,23,14
1437,75,37,22,15
1437,100,37,22,15
1438,0,17,17,0
1438,5,17,17,0
1438,10,17,15,2
1438,20,17,14,3
1438,35,17,13,4
1438,50,17,11,6
1438,75,17,11,6
1438,100,17,11,6
1439,0,20,20,0
1439,5,20,20,0
1439,10,20,20,0
1439,20,20,17,3
1439,35,20,16,4
1439,50,20,14,6
1439,75,20,14,6
1439,100,20,14,6
1440,0,42,42,0
1440,5,42,41,1
1440,10,42,41,1
1440,20,42,41,1
1440,35,42,36,6
1440,50,42,36,6
1440,75,42,36,6
1440,100,42,36,6
1441,0,32,32,0
1441,5,32,31,1
1441,10,32,28,4
1441,20,32,27,5
1441,35,32,23,9
1441,50,32,23,9
1441,75,32,23,9
1441,100,32,23,9
1442,0,52,52,0
1442,5,52,52,0
1442,10,52,52,0
1442,20,52,52,0
1442,35,52,48,4
1442,50,52,48,4
1442,75,52,48,4
1442,100,52,48,4
1443,0,75,75,0
1443,5,75,75,0
1443,10,75,72,3
1443,20,75,66,9
1443,35,75,65,10
1443,50,75,65,10
1443,75,75,65,10
1443,100,75,59,16
1444,0,26,26,0
1444,5,26,26,0
1444,10,26,26,0
1444,20,26,26,0
1444,35,26,24,2
1444,50,26,24,2
1444,75,26,24,2
1444,100,26,24,2
1445,0,33,33,0
1445,5,33,32,1
1445,10,33,27,6
1445,20,33,25,8
1445,35,33,20,13
1445,50,33,20,13
1445,75,33,20,13
1445,100,33,18,15
1446,0,41,41,0
1446,5,41,38,3
1446,10,41,36,5
1446,20,41,36,5
1446,35,41,35,6
1446,50,41,35,6
1446,75,41,35,6
1446,100,41,35,6
1447,0,83,83,0
1447,5,83,82,1
1447,10,83,78,5
1447,20,83,76,7
1447,35,83,72,11
1447,50,83,71,12
1447,75,83,71,12
1447,100,83,66,17
1448,0,18,18,0
1448,5,18,18,0
1448,10,18,17,1
1448,20,18,17,1
1448,35,18,16,2
1448,50,18,16,2
1448,75,18,16,2
1448,100,18,15,3
1449,0,42,42,0
1449,5,42,42,0
1449,10,42,38,4
1449,20,42,38,4
1449,35,42,38,4
1449,50,42,38,4
1449,75,42,38,4
1449,100,42,38,4
1450,0,17,17,0
1450,5,17,17,0
1450,10,17,15,2
1450,20,17,14,3
1450,35,17,13,4
1450,50,17,11,6
1450,75,17,11,6
1450,100,17,11,6
1451,0,36,36,0
1451,5,36,34,2
1451,10,36,29,7
1451,20,36,28,8
1451,35,36,24,12
1451,50,36,24,12
1451,75,36,24,12
1451,100,36,24,12
1452,0,20,20,0
1452,5,20,19,1
1452,10,20,18,2
1452,20,20,18,2
1452,35,20,17,3
1452,50,20,17,3
1452,75,20,17,3
1452,100,20,17,3
1453,0,35,35,0
1453,5,35,35,0
1453,10,35,34,1
1453,20,35,34,1
1453,35,35,32,3
1453,50,35,31,4
1453,75,35,30,5
1453,100,35,30,5
1454,0,31,31,0
1454,5,31,29,2
1454,10,31,28,3
1454,20,31,20,11
1454,35,31,17,14
1454,50,31,16,15
1454,75,31,16,15
1454,100,31,16,15
1455,0,21,21,0
1455,5,21,21,0
1455,10,21,20,1
1455,20,21,20,1
1455,35,21,18,3
1455,50,21,18,3
1455,75,21,18,3
1455,100,21,18,3
1456,0,33,33,0
1456,5,33,33,0
1456,10,33,31,2
1456,20,33,29,4
1456,35,33,25,8
1456,50,33,25,8
1456,75,33,25,8
1456,100,33,25,8
1457,0,31,31,0
1457,5,31,26,5
1457,10,31,22,9
1457,20,31,20,11
1457,35,31,15,16
1457,50,31,15,16
1457,75,31,15,16
1457,100,31,15,16
1458,0,61,61,0
1458,5,61,59,2
1458,10,61,55,6
1458,20,61,54,7
1458,35,61,49,12
1458,50,61,49,12
1458,75,61,49,12
1458,100,61,49,12
1459,0,36,36,0
1459,5,36,35,1
1459,10,36,33,3
1459,20,36,33,3
1459,35,36,29,7
1459,50,36,28,8
1459,75,36,28,8
1459,100,36,28,8
1460,0,21,21,0
1460,5,21,21,0
1460,10,21,20,1
1460,20,21,19,2
1460,35,21,17,4
1460,50,21,17,4
1460,75,21,17,4
1460,100,21,17,4
1461,0,32,32,0
1461,5,32,32,0
1461,10,32,32,0
1461,20,32,31,1
1461,35,32,27,5
1461,50,32,26,6
1461,75,32,25,7
1461,100,32,25,7
1462,0,44,44,0
1462,5,44,44,0
1462,10,44,44,0
1462,20,44,42,2
1462,35,44,41,3
1462,50,44,41,3
1462,75,44,41,3
1462,100,44,34,10
1463,0,36,36,0
1463,5,36,36,0
1463,10,36,34,2
1463,20,36,32,4
1463,35,36,31,5
1463,50,36,31,5
1463,75,36,31,5
1463,100,36,24,12
1464,0,37,37,0
1464,5,37,37,0
1464,10,37,36,1
1464,20,37,34,3
1464,35,37,26,11
1464,50,37,25,12
1464,75,37,25,12
1464,100,37,25,12
1465,0,34,34,0
1465,5,34,34,0
1465,10,34,34,0
1465,20,34,34,0
1465,35,34,33,1
1465,50,34,33,1
1465,75,34,33,1
1465,100,34,33,1
1466,0,30,30,0
1466,5,30,30,0
1466,10,30,30,0
1466,20,30,30,0
1466,35,30,29,1
1466,50,30,29,1
1466,75,30,29,1
1466,100,30,29,1
1467,0,18,18,0
1467,5,18,17,1
1467,10,18,16,2
1467,20,18,13,5
1467,35,18,9,9
1467,50,18,9,9
1467,75,18,9,9
1467,100,18,9,9
1468,0,31,31,0
1468,5,31,31,0
1468,10,31,28,3
1468,20,31,26,5
1468,35,31,25,6
1468,50,31,25,6
1468,75,31,25,6
1468,100,31,25,6
1469,0,45,45,0
1469,5,45,43,2
1469,10,45,43,2
1469,20,45,37,8
1469,35,45,31,14
1469,50,45,31,14
1469,75,45,29,16
1469,100,45,28,17
1470,0,21,21,0
1470,5,21,19,2
1470,10,21,19,2
1470,20,21,19,2
1470,35,21,17,4
1470,50,21,17,4
1470,75,21,16,5
1470,100,21,16,5
1471,0,27,27,0
1471,5,27,27,0
1471,10,27,27,0
1471,20,27,27,0
1471,35,27,24,3
1471,50,27,22,5
1471,75,27,22,5
1471,100,27,22,5
1472,0,16,16,0
1472,5,16,16,0
1472,10,16,16,0
1472,20,16,16,0
1472,35,16,15,1
1472,50,16,14,2
1472,75,16,13,3
1472,100,16,13,3
1473,0,32,32,0
1473,5,32,28,4
1473,10,32,27,5
1473,20,32,22,10
1473,35,32,15,17
1473,50,32,14,18
1473,75,32,14,18
1473,100,32,14,18
1474,0,28,28,0
1474,5,28,28,0
1474,10,28,27,1
1474,20,28,26,2
1474,35,28,20,8
1474,50,28,18,10
1474,75,28,18,10
1474,100,28,18,10
1475,0,24,24,0
1475,5,24,20,4
1475,10,24,18,6
1475,20,24,17,7
1475,35,24,15,9
1475,50,24,14,10
1475,75,24,14,10
1475,100,24,14,10
1476,0,32,32,0
1476,5,32,32,0
1476,10,32,32,0
1476,20,32,32,0
1476,35,32,32,0
1476,50,32,31,1
1476,75,32,30,2
1476,100,32,30,2
1477,0,26,26,0
1477,5,26,23,3
1477,10,26,21,5
1477,20,26,21,5
1477,35,26,18,8
1477,50,26,18,8
1477,75,26,16,10
1477,100,26,16,10
1478,0,42,42,0
1478,5,42,42,0
1478,10,42,39,3
1478,20,42,38,4
1478,35,42,33,9
1478,50,42,33,9
1478,75,42,33,9
1478,100,42,31,11
1479,0,30,30,0
1479,5,30,29,1
1479,10,30,27,3
1479,20,30,27,3
1479,35,30,25,5
1479,50,30,22,8
1479,75,30,22,8
1479,100,30,22,8
1480,0,22,22,0
1480,5,22,22,0
1480,10,22,21,1
1480,20,22,21,1
1480,35,22,21,1
1480,50,22,21,1
1480,75,22,21,1
1480,100,22,19,3
1481,0,21,21,0
1481,5,21,21,0
1481,10,21,21,0
1481,20,21,20,1
1481,35,21,18,3
1481,50,21,17,4
1481,75,21,17,4
1481,100,21,17,4
1482,0,41,41,0
1482,5,41,39,2
1482,10,41,37,4
1482,20,41,36,5
1482,35,41,28,13
1482,50,41,28,13
1482,75,41,27,14
1482,100,41,27,14
1483,0,43,43,0
1483,5,43,41,2
1483,10,43,37,6
1483,20,43,34,9
1483,35,43,27,16
1483,50,43,27,16
1483,75,43,27,16
1483,100,43,26,17
1484,0,51,51,0
1484,5,51,51,0
1484,10,51,50,1
1484,20,51,49,2
1484,35,51,48,3
1484,50,51,48,3
1484,75,51,47,4
1484,100,51,47,4
1485,0,14,14,0
1485,5,14,14,0
1485,10,14,14,0
1485,20,14,13,1
1485,35,14,11,3
1485,50,14,11,3
1485,75,14,10,4
1485,100,14,10,4
1486,0,72,72,0
1486,5,72,72,0
1486,10,72,72,0
1486,20,72,72,0
1486,35,72,66,6
1486,50,72,66,6
1486,75,72,65,7
1486,100,72,64,8
1487,0,22,22,0
1487,5,22,22,0
1487,10,22,21,1
1487,20,22,21,1
1487,35,22,21,1
1487,50,22,21,1
1487,75,22,21,1
1487,100,22,19,3
1488,0,30,30,0
1488,5,30,30,0
1488,10,30,28,2
1488,20,30,28,2
1488,35,30,27,3
1488,50,30,27,3
1488,75,30,27,3
1488,100,30,27,3
1489,0,31,31,0
1489,5,31,31,0
1489,10,31,30,1
1489,20,31,29,2
1489,35,31,27,4
1489,50,31,25,6
1489,75,31,25,6
1489,100,31,25,6
1490,0,30,30,0
1490,5,30,29,1
1490,10,30,27,3
1490,20,30,26,4
1490,35,30,20,10
1490,50,30,20,10
1490,75,30,18,12
1490,100,30,18,12
1491,0,24,24,0
1491,5,24,24,0
1491,10,24,22,2
1491,20,24,21,3
1491,35,24,21,3
1491,50,24,20,4
1491,75,24,20,4
1491,100,24,20,4
1492,0,33,33,0
1492,5,33,33,0
1492,10,33,32,1
1492,20,33,31,2
1492,35,33,26,7
1492,50,33,26,7
1492,75,33,25,8
1492,100,33,25,8
1493,0,47,47,0
1493,5,47,47,0
1493,10,47,47,0
1493,20,47,46,1
1493,35,47,43,4
1493,50,47,42,5
1493,75,47,42,5
1493,100,47,39,8
1494,0,41,41,0
1494,5,41,41,0
1494,10,41,41,0
1494,20,41,41,0
1494,35,41,38,3
1494,50,41,35,6
1494,75,41,35,6
1494,100,41,35,6
1495,0,45,45,0
1495,5,45,45,0
1495,10,45,45,0
1495,20,45,45,0
1495,35,45,43,2
1495,50,45,41,4
1495,75,45,41,4
1495,100,45,40,5
1496,0,24,24,0
1496,5,24,24,0
1496,10,24,24,0
1496,20,24,24,0
1496,35,24,20,4
1496,50,24,18,6
1496,75,24,18,6
1496,100,24,18,6
1497,0,39,39,0
1497,5,39,39,0
1497,10,39,38,1
1497,20,39,38,1
1497,35,39,37,2
1497,50,39,37,2
1497,75,39,36,3
1497,100,39,36,3
1498,0,38,38,0
1498,5,38,37,1
1498,10,38,37,1
1498,20,38,36,2
1498,35,38,34,4
1498,50,38,34,4
1498,75,38,34,4
1498,100,38,34,4
1499,0,21,21,0
1499,5,21,21,0
1499,10,21,20,1
1499,20,21,18,3
1499,35,21,18,3
1499,50,21,18,3
1499,75,21,18,3
1499,100,21,18,3
1500,0,40,40,0
1500,5,40,39,1
1500,10,40,39,1
1500,20,40,38,2
1500,35,40,31,9
1500,50,40,31,9
1500,75,40,31,9
1500,100,40,31,9
1501,0,22,22,0
1501,5,22,22,0
1501,10,22,22,0
1501,20,22,19,3
1501,35,22,19,3
1501,50,22,19,3
1501,75,22,19,3
1501,100,22,19,3
1502,0,46,46,0
1502,5,46,46,0
1502,10,46,46,0
1502,20,46,46,0
1502,35,46,44,2
1502,50,46,44,2
1502,75,46,44,2
1502,100,46,44,2
1503,0,24,24,0
1503,5,24,23,1
1503,10,24,22,2
1503,20,24,21,3
1503,35,24,17,7
1503,50,24,17,7
1503,75,24,17,7
1503,100,24,17,7
1504,0,20,20,0
1504,5,20,14,6
1504,10,20,14,6
1504,20,20,14,6
1504,35,20,12,8
1504,50,20,10,10
1504,75,20,10,10
1504,100,20,10,10
1505,0,31,31,0
1505,5,31,31,0
1505,10,31,30,1
1505,20,31,27,4
1505,35,31,22,9
1505,50,31,22,9
1505,75,31,22,9
1505,100,31,22,9
1506,0,27,27,0
1506,5,27,27,0
1506,10,27,26,1
1506,20,27,24,3
1506,35,27,23,4
1506,50,27,22,5
1506,75,27,21,6
1506,100,27,20,7
1507,0,30,30,0
1507,5,30,30,0
1507,10,30,30,0
1507,20,30,29,1
1507,35,30,24,6
1507,50,30,24,6
1507,75,30,24,6
1507,100,30,24,6
1508,0,35,35,0
1508,5,35,35,0
1508,10,35,35,0
1508,20,35,35,0
1508,35,35,33,2
1508,50,35,32,3
1508,75,35,32,3
1508,100,35,32,3
1509,0,47,47,0
1509,5,47,47,0
1509,10,47,43,4
1509,20,47,42,5
1509,35,47,40,7
1509,50,47,40,7
1509,75,47,39,8
1509,100,47,39,8
1510,0,44,44,0
1510,5,44,43,1
1510,10,44,42,2
1510,20,44,42,2
1510,35,44,40,4
1510,50,44,40,4
1510,75,44,40,4
1510,100,44,40,4
1511,0,61,61,0
1511,5,61,61,0
1511,10,61,57,4
1511,20,61,55,6
1511,35,61,53,8
1511,50,61,50,11
1511,75,61,50,11
1511,100,61,50,11
1512,0,69,69,0
1512,5,69,69,0
1512,10,69,66,3
1512,20,69,64,5
1512,35,69,64,5
1512,50,69,64,5
1512,75,69,64,5
1512,100,69,64,5
1513,0,35,35,0
1513,5,35,35,0
1513,10,35,35,0
1513,20,35,34,1
1513,35,35,28,7
1513,50,35,28,7
1513,75,35,28,7
1513,100,35,27,8
1514,0,28,28,0
1514,5,28,28,0
1514,10,28,28,0
1514,20,28,28,0
1514,35,28,26,2
1514,50,28,26,2
1514,75,28,26,2
1514,100,28,26,2
1515,0,15,15,0
1515,5,15,15,0
1515,10,15,14,1
1515,20,15,14,1
1515,35,15,11,4
1515,50,15,11,4
1515,75,15,11,4
1515,100,15,11,4
1516,0,23,23,0
1516,5,23,20,3
1516,10,23,20,3
1516,20,23,20,3
1516,35,23,17,6
1516,50,23,17,6
1516,75,23,17,6
1516,100,23,17,6
1517,0,22,22,0
1517,5,22,21,1
1517,10,22,21,1
1517,20,22,21,1
1517,35,22,17,5
1517,50,22,17,5
1517,75,22,17,5
1517,100,22,17,5
1518,0,36,36,0
1518,5,36,36,0
1518,10,36,36,0
1518,20,36,33,3
1518,35,36,30,6
1518,50,36,29,7
1518,75,36,29,7
1518,100,36,29,7
1519,0,45,45,0
1519,5,45,45,0
1519,10,45,44,1
1519,20,45,43,2
1519,35,45,41,4
1519,50,45,41,4
1519,75,45,41,4
1519,100,45,41,4
1520,0,34,34,0
1520,5,34,34,0
1520,10,34,34,0
1520,20,34,33,1
1520,35,34,30,4
1520,50,34,30,4
1520,75,34,30,4
1520,100,34,30,4
1521,0,36,36,0
1521,5,36,36,0
1521,10,36,36,0
1521,20,36,35,1
1521,35,36,34,2
1521,50,36,34,2
1521,75,36,34,2
1521,100,36,32,4
1522,0,36,36,0
1522,5,36,36,0
1522,10,36,32,4
1522,20,36,32,4
1522,35,36,32,4
1522,50,36,32,4
1522,75,36,32,4
1522,100,36,32,4
1523,0,95,95,0
1523,5,95,93,2
1523,10,95,87,8
1523,20,95,84,11
1523,35,95,76,19
1523,50,95,72,23
1523,75,95,71,24
1523,100,95,67,28
1524,0,42,42,0
1524,5,42,41,1
1524,10,42,41,1
1524,20,42,41,1
1524,35,42,36,6
1524,50,42,36,6
1524,75,42,36,6
1524,100,42,35,7
1525,0,58,58,0
1525,5,58,58,0
1525,10,58,56,2
1525,20,58,55,3
1525,35,58,54,4
1525,50,58,54,4
1525,75,58,50,8
1525,100,58,49,9
1526,0,48,48,0
1526,5,48,47,1
1526,10,48,43,5
1526,20,48,42,6
1526,35,48,35,13
1526,50,48,35,13
1526,75,48,35,13
1526,100,48,35,13
1527,0,22,22,0
1527,5,22,22,0
1527,10,22,21,1
1527,20,22,21,1
1527,35,22,20,2
1527,50,22,20,2
1527,75,22,18,4
1527,100,22,18,4
1528,0,32,32,0
1528,5,32,32,0
1528,10,32,31,1
1528,20,32,29,3
1528,35,32,24,8
1528,50,32,24,8
1528,75,32,24,8
1528,100,32,24,8
1529,0,25,25,0
1529,5,25,23,2
1529,10,25,20,5
1529,20,25,20,5
1529,35,25,15,10
1529,50,25,15,10
1529,75,25,13,12
1529,100,25,10,15
1530,0,19,19,0
1530,5,19,19,0
1530,10,19,18,1
1530,20,19,18,1
1530,35,19,16,3
1530,50,19,16,3
1530,75,19,16,3
1530,100,19,16,3
1531,0,33,33,0
1531,5,33,33,0
1531,10,33,33,0
1531,20,33,32,1
1531,35,33,29,4
1531,50,33,29,4
1531,75,33,29,4
1531,100,33,29,4
1532,0,55,55,0
1532,5,55,55,0
1532,10,55,55,0
1532,20,55,54,1
1532,35,55,53,2
1532,50,55,51,4
1532,75,55,51,4
1532,100,55,51,4
1533,0,30,30,0
1533,5,30,30,0
1533,10,30,29,1
1533,20,30,27,3
1533,35,30,24,6
1533,50,30,24,6
1533,75,30,24,6
1533,100,30,24,6
1534,0,22,22,0
1534,5,22,22,0
1534,10,22,21,1
1534,20,22,21,1
1534,35,22,18,4
1534,50,22,18,4
1534,75,22,17,5
1534,100,22,17,5
1535,0,46,46,0
1535,5,46,46,0
1535,10,46,39,7
1535,20,46,29,17
1535,35,46,25,21
1535,50,46,23,23
1535,75,46,19,27
1535,100,46,19,27
1536,0,14,14,0
1536,5,14,14,0
1536,10,14,13,1
1536,20,14,13,1
1536,35,14,13,1
1536,50,14,13,1
1536,75,14,13,1
1536,100,14,13,1
1537,0,17,17,0
1537,5,17,17,0
1537,10,17,16,1
1537,20,17,14,3
1537,35,17,11,6
1537,50,17,11,6
1537,75,17,11,6
1537,100,17,11,6
1538,0,33,33,0
1538,5,33,32,1
1538,10,33,32,1
1538,20,33,32,1
1538,35,33,32,1
1538,50,33,32,1
1538,75,33,31,2
1538,100,33,31,2
1539,0,37,37,0
1539,5,37,37,0
1539,10,37,36,1
1539,20,37,34,3
1539,35,37,26,11
1539,50,37,25,12
1539,75,37,25,12
1539,100,37,25,12
1540,0,42,42,0
1540,5,42,42,0
1540,10,42,40,2
1540,20,42,39,3
1540,35,42,37,5
1540,50,42,37,5
1540,75,42,37,5
1540,100,42,37,5
1541,0,39,39,0
1541,5,39,37,2
1541,10,39,34,5
1541,20,39,34,5
1541,35,39,27,12
1541,50,39,27,12
1541,75,39,27,12
1541,100,39,27,12
1542,0,50,50,0
1542,5,50,49,1
1542,10,50,49,1
1542,20,50,48,2
1542,35,50,38,12
1542,50,50,38,12
1542,75,50,38,12
1542,100,50,38,12
1543,0,27,27,0
1543,5,27,27,0
1543,10,27,26,1
1543,20,27,23,4
1543,35,27,22,5
1543,50,27,19,8
1543,75,27,19,8
1543,100,27,14,13
1544,0,33,33,0
1544,5,33,33,0
1544,10,33,33,0
1544,20,33,33,0
1544,35,33,28,5
1544,50,33,28,5
1544,75,33,25,8
1544,100,33,24,9
1545,0,94,94,0
1545,5,94,91,3
1545,10,94,72,22
1545,20,94,70,24
1545,35,94,58,36
1545,50,94,58,36
1545,75,94,55,39
1545,100,94,55,39
1546,0,30,30,0
1546,5,30,30,0
1546,10,30,30,0
1546,20,30,29,1
1546,35,30,27,3
1546,50,30,27,3
1546,75,30,26,4
1546,100,30,25,5
1547,0,35,35,0
1547,5,35,33,2
1547,10,35,30,5
1547,20,35,30,5
1547,35,35,27,8
1547,50,35,27,8
1547,75,35,26,9
1547,100,35,26,9
1548,0,30,30,0
1548,5,30,29,1
1548,10,30,28,2
1548,20,30,26,4
1548,35,30,21,9
1548,50,30,21,9
1548,75,30,21,9
1548,100,30,21,9
1549,0,41,41,0
1549,5,41,41,0
1549,10,41,41,0
1549,20,41,40,1
1549,35,41,38,3
1549,50,41,38,3
1549,75,41,37,4
1549,100,41,36,5
1550,0,27,27,0
1550,5,27,26,1
1550,10,27,23,4
1550,20,27,22,5
1550,35,27,22,5
1550,50,27,22,5
1550,75,27,22,5
1550,100,27,22,5
1551,0,34,34,0
1551,5,34,33,1
1551,10,34,31,3
1551,20,34,30,4
1551,35,34,25,9
1551,50,34,25,9
1551,75,34,25,9
1551,100,34,25,9
1552,0,22,22,0
1552,5,22,21,1
1552,10,22,21,1
1552,20,22,17,5
1552,35,22,11,11
1552,50,22,11,11
1552,75,22,11,11
1552,100,22,11,11
1553,0,96,96,0
1553,5,96,96,0
1553,10,96,94,2
1553,20,96,92,4
1553,35,96,89,7
1553,50,96,87,9
1553,75,96,87,9
1553,100,96,87,9
1554,0,32,32,0
1554,5,32,32,0
1554,10,32,31,1
1554,20,32,31,1
1554,35,32,30,2
1554,50,32,29,3
1554,75,32,29,3
1554,100,32,28,4
1555,0,38,38,0
1555,5,38,38,0
1555,10,38,38,0
1555,20,38,38,0
1555,35,38,33,5
1555,50,38,32,6
1555,75,38,32,6
1555,100,38,32,6
1556,0,33,33,0
1556,5,33,32,1
1556,10,33,28,5
1556,20,33,27,6
1556,35,33,25,8
1556,50,33,25,8
1556,75,33,25,8
1556,100,33,25,8
1557,0,39,39,0
1557,5,39,38,1
1557,10,39,37,2
1557,20,39,37,2
1557,35,39,37,2
1557,50,39,37,2
1557,75,39,36,3
1557,100,39,36,3
1558,0,44,44,0
1558,5,44,44,0
1558,10,44,42,2
1558,20,44,38,6
1558,35,44,38,6
1558,50,44,37,7
1558,75,44,37,7
1558,100,44,37,7
1559,0,28,28,0
1559,5,28,27,1
1559,10,28,27,1
1559,20,28,25,3
1559,35,28,25,3
1559,50,28,25,3
1559,75,28,25,3
1559,100,28,25,3
1560,0,42,42,0
1560,5,42,41,1
1560,10,42,39,3
1560,20,42,38,4
1560,35,42,38,4
1560,50,42,38,4
1560,75,42,38,4
1560,100,42,37,5
1561,0,41,41,0
1561,5,41,39,2
1561,10,41,36,5
1561,20,41,31,10
1561,35,41,29,12
1561,50,41,28,13
1561,75,41,28,13
1561,100,41,27,14
1562,0,45,45,0
1562,5,45,45,0
1562,10,45,44,1
1562,20,45,44,1
1562,35,45,41,4
1562,50,45,40,5
1562,75,45,39,6
1562,100,45,35,10
1563,0,48,48,0
1563,5,48,48,0
1563,10,48,46,2
1563,20,48,43,5
1563,35,48,37,11
1563,50,48,36,12
1563,75,48,36,12
1563,100,48,36,12
1564,0,51,51,0
1564,5,51,50,1
1564,10,51,44,7
1564,20,51,44,7
1564,35,51,40,11
1564,50,51,40,11
1564,75,51,37,14
1564,100,51,37,14
1565,0,48,48,0
1565,5,48,48,0
1565,10,48,47,1
1565,20,48,46,2
1565,35,48,42,6
1565,50,48,42,6
1565,75,48,40,8
1565,100,48,40,8
1566,0,36,36,0
1566,5,36,36,0
1566,10,36,36,0
1566,20,36,36,0
1566,35,36,35,1
1566,50,36,35,1
1566,75,36,35,1
1566,100,36,33,3
1567,0,29,29,0
1567,5,29,29,0
1567,10,29,27,2
1567,20,29,27,2
1567,35,29,27,2
1567,50,29,27,2
1567,75,29,27,2
1567,100,29,27,2
1568,0,46,46,0
1568,5,46,45,1
1568,10,46,42,4
1568,20,46,41,5
1568,35,46,38,8
1568,50,46,37,9
1568,75,46,37,9
1568,100,46,37,9
1569,0,34,34,0
1569,5,34,34,0
1569,10,34,34,0
1569,20,34,33,1
1569,35,34,33,1
1569,50,34,33,1
1569,75,34,33,1
1569,100,34,32,2
1570,0,17,17,0
1570,5,17,17,0
1570,10,17,17,0
1570,20,17,17,0
1570,35,17,16,1
1570,50,17,16,1
1570,75,17,16,1
1570,100,17,16,1
1571,0,40,40,0
1571,5,40,39,1
1571,10,40,38,2
1571,20,40,38,2
1571,35,40,36,4
1571,50,40,35,5
1571,75,40,35,5
1571,100,40,35,5
1572,0,44,44,0
1572,5,44,44,0
1572,10,44,41,3
1572,20,44,40,4
1572,35,44,38,6
1572,50,44,36,8
1572,75,44,36,8
1572,100,44,36,8
1573,0,79,79,0
1573,5,79,79,0
1573,10,79,71,8
1573,20,79,69,10
1573,35,79,57,22
1573,50,79,57,22
1573,75,79,56,23
1573,100,79,55,24
1574,0,48,48,0
1574,5,48,46,2
1574,10,48,46,2
1574,20,48,46,2
1574,35,48,42,6
1574,50,48,42,6
1574,75,48,42,6
1574,100,48,42,6
1575,0,30,30,0
1575,5,30,29,1
1575,10,30,28,2
1575,20,30,27,3
1575,35,30,22,8
1575,50,30,20,10
1575,75,30,19,11
1575,100,30,19,11
1576,0,32,32,0
1576,5,32,32,0
1576,10,32,32,0
1576,20,32,30,2
1576,35,32,27,5
1576,50,32,27,5
1576,75,32,27,5
1576,100,32,27,5
1577,0,25,25,0
1577,5,25,24,1
1577,10,25,23,2
1577,20,25,22,3
1577,35,25,20,5
1577,50,25,19,6
1577,75,25,19,6
1577,100,25,19,6
1578,0,48,48,0
1578,5,48,48,0
1578,10,48,48,0
1578,20,48,47,1
1578,35,48,41,7
1578,50,48,40,8
1578,75,48,40,8
1578,100,48,40,8
1579,0,46,46,0
1579,5,46,46,0
1579,10,46,45,1
1579,20,46,45,1
1579,35,46,41,5
1579,50,46,39,7
1579,75,46,39,7
1579,100,46,38,8
1580,0,41,41,0
1580,5,41,41,0
1580,10,41,41,0
1580,20,41,40,1
1580,35,41,38,3
1580,50,41,38,3
1580,75,41,38,3
1580,100,41,38,3
1581,0,26,26,0
1581,5,26,25,1
1581,10,26,25,1
1581,20,26,25,1
1581,35,26,23,3
1581,50,26,23,3
1581,75,26,23,3
1581,100,26,23,3
1582,0,22,22,0
1582,5,22,21,1
1582,10,22,19,3
1582,20,22,18,4
1582,35,22,18,4
1582,50,22,18,4
1582,75,22,18,4
1582,100,22,18,4
1583,0,19,19,0
1583,5,19,19,0
1583,10,19,19,0
1583,20,19,19,0
1583,35,19,19,0
1583,50,19,19,0
1583,75,19,19,0
1583,100,19,18,1
1584,0,43,43,0
1584,5,43,42,1
1584,10,43,37,6
1584,20,43,34,9
1584,35,43,31,12
1584,50,43,31,12
1584,75,43,31,12
1584,100,43,31,12
1585,0,40,40,0
1585,5,40,40,0
1585,10,40,35,5
1585,20,40,34,6
1585,35,40,31,9
1585,50,40,29,11
1585,75,40,29,11
1585,100,40,29,11
1586,0,63,63,0
1586,5,63,59,4
1586,10,63,57,6
1586,20,63,55,8
1586,35,63,44,19
1586,50,63,42,21
1586,75,63,42,21
1586,100,63,41,22
1587,0,28,28,0
1587,5,28,27,1
1587,10,28,27,1
1587,20,28,27,1
1587,35,28,27,1
1587,50,28,27,1
1587,75,28,27,1
1587,100,28,26,2
1588,0,23,23,0
1588,5,23,22,1
1588,10,23,21,2
1588,20,23,21,2
1588,35,23,20,3
1588,50,23,16,7
1588,75,23,16,7
1588,100,23,16,7
1589,0,39,39,0
1589,5,39,39,0
1589,10,39,39,0
1589,20,39,38,1
1589,35,39,36,3
1589,50,39,35,4
1589,75,39,34,5
1589,100,39,33,6
1590,0,25,25,0
1590,5,25,24,1
1590,10,25,23,2
1590,20,25,21,4
1590,35,25,21,4
1590,50,25,21,4
1590,75,25,20,5
1590,100,25,20,5
1591,0,32,32,0
1591,5,32,32,0
1591,10,32,32,0
1591,20,32,29,3
1591,35,32,23,9
1591,50,32,22,10
1591,75,32,22,10
1591,100,32,22,10
1592,0,44,44,0
1592,5,44,44,0
1592,10,44,41,3
1592,20,44,41,3
1592,35,44,40,4
1592,50,44,39,5
1592,75,44,39,5
1592,100,44,39,5
1593,0,25,25,0
1593,5,25,25,0
1593,10,25,25,0
1593,20,25,24,1
1593,35,25,24,1
1593,50,25,24,1
1593,75,25,24,1
1593,100,25,24,1
1594,0,26,26,0
1594,5,26,26,0
1594,10,26,26,0
1594,20,26,23,3
1594,35,26,23,3
1594,50,26,23,3
1594,75,26,23,3
1594,100,26,22,4
1595,0,25,25,0
1595,5,25,25,0
1595,10,25,24,1
1595,20,25,23,2
1595,35,25,21,4
1595,50,25,20,5
1595,75,25,20,5
1595,100,25,20,5
1596,0,43,43,0
1596,5,43,43,0
1596,10,43,38,5
1596,20,43,35,8
1596,35,43,33,10
1596,50,43,33,10
1596,75,43,32,11
1596,100,43,31,12
1597,0,33,33,0
1597,5,33,33,0
1597,10,33,32,1
1597,20,33,32,1
1597,35,33,29,4
1597,50,33,27,6
1597,75,33,27,6
1597,100,33,27,6
1598,0,28,28,0
1598,5,28,27,1
1598,10,28,26,2
1598,20,28,23,5
1598,35,28,19,9
1598,50,28,18,10
1598,75,28,18,10
1598,100,28,18,10
1599,0,15,15,0
1599,5,15,15,0
1599,10,15,15,0
1599,20,15,15,0
1599,35,15,15,0
1599,50,15,15,0
1599,75,15,15,0
1599,100,15,15,0
1600,0,32,32,0
1600,5,32,32,0
1600,10,32,29,3
1600,20,32,25,7
1600,35,32,23,9
1600,50,32,23,9
1600,75,32,23,9
1600,100,32,21,11
1601,0,59,59,0
1601,5,59,58,1
1601,10,59,52,7
1601,20,59,51,8
1601,35,59,46,13
1601,50,59,45,14
1601,75,59,45,14
1601,100,59,45,14
1602,0,31,31,0
1602,5,31,31,0
1602,10,31,28,3
1602,20,31,26,5
1602,35,31,23,8
1602,50,31,21,10
1602,75,31,21,10
1602,100,31,21,10
1603,0,35,35,0
1603,5,35,35,0
1603,10,35,34,1
1603,20,35,34,1
1603,35,35,34,1
1603,50,35,34,1
1603,75,35,33,2
1603,100,35,33,2
1604,0,31,31,0
1604,5,31,30,1
1604,10,31,27,4
1604,20,31,27,4
1604,35,31,24,7
1604,50,31,24,7
1604,75,31,24,7
1604,100,31,24,7
1605,0,18,18,0
1605,5,18,16,2
1605,10,18,16,2
1605,20,18,16,2
1605,35,18,16,2
1605,50,18,16,2
1605,75,18,13,5
1605,100,18,13,5
1606,0,48,48,0
1606,5,48,47,1
1606,10,48,46,2
1606,20,48,43,5
1606,35,48,41,7
1606,50,48,41,7
1606,75,48,40,8
1606,100,48,40,8
1607,0,37,37,0
1607,5,37,37,0
1607,10,37,36,1
1607,20,37,36,1
1607,35,37,36,1
1607,50,37,35,2
1607,75,37,35,2
1607,100,37,35,2
1608,0,15,15,0
1608,5,15,15,0
1608,10,15,15,0
1608,20,15,15,0
1608,35,15,13,2
1608,50,15,13,2
1608,75,15,12,3
1608,100,15,12,3
1609,0,45,45,0
1609,5,45,44,1
1609,10,45,44,1
1609,20,45,44,1
1609,35,45,41,4
1609,50,45,41,4
1609,75,45,41,4
1609,100,45,41,4
1610,0,20,20,0
1610,5,20,19,1
1610,10,20,18,2
1610,20,20,17,3
1610,35,20,15,5
1610,50,20,15,5
1610,75,20,15,5
1610,100,20,15,5
1611,0,27,27,0
1611,5,27,26,1
1611,10,27,26,1
1611,20,27,23,4
1611,35,27,21,6
1611,50,27,21,6
1611,75,27,21,6
1611,100,27,21,6
1612,0,34,34,0
1612,5,34,34,0
1612,10,34,34,0
1612,20,34,32,2
1612,35,34,31,3
1612,50,34,31,3
1612,75,34,31,3
1612,100,34,31,3
1613,0,29,29,0
1613,5,29,29,0
1613,10,29,28,1
1613,20,29,28,1
1613,35,29,28,1
1613,50,29,28,1
1613,75,29,28,1
1613,100,29,28,1
1614,0,36,36,0
1614,5,36,36,0
1614,10,36,36,0
1614,20,36,32,4
1614,35,36,31,5
1614,50,36,31,5
1614,75,36,31,5
1614,100,36,31,5
1615,0,20,20,0
1615,5,20,20,0
1615,10,20,20,0
1615,20,20,17,3
1615,35,20,16,4
1615,50,20,14,6
1615,75,20,14,6
1615,100,20,14,6
1616,0,26,26,0
1616,5,26,26,0
1616,10,26,24,2
1616,20,26,23,3
1616,35,26,20,6
1616,50,26,20,6
1616,75,26,19,7
1616,100,26,19,7
1617,0,32,32,0
1617,5,32,30,2
1617,10,32,29,3
1617,20,32,28,4
1617,35,32,18,14
1617,50,32,17,15
1617,75,32,17,15
1617,100,32,17,15
1618,0,37,37,0
1618,5,37,36,1
1618,10,37,33,4
1618,20,37,33,4
1618,35,37,30,7
1618,50,37,29,8
1618,75,37,29,8
1618,100,37,29,8
1619,0,28,28,0
1619,5,28,28,0
1619,10,28,27,1
1619,20,28,23,5
1619,35,28,22,6
1619,50,28,22,6
1619,75,28,22,6
1619,100,28,22,6
1620,0,24,24,0
1620,5,24,24,0
1620,10,24,24,0
1620,20,24,23,1
1620,35,24,20,4
1620,50,24,20,4
1620,75,24,20,4
1620,100,24,20,4
1621,0,29,29,0
1621,5,29,29,0
1621,10,29,29,0
1621,20,29,29,0
1621,35,29,29,0
1621,50,29,29,0
1621,75,29,29,0
1621,100,29,29,0
1622,0,17,17,0
1622,5,17,16,1
1622,10,17,16,1
1622,20,17,15,2
1622,35,17,14,3
1622,50,17,14,3
1622,75,17,12,5
1622,100,17,12,5
1623,0,36,36,0
1623,5,36,36,0
1623,10,36,35,1
1623,20,36,34,2
1623,35,36,29,7
1623,50,36,26,10
1623,75,36,26,10
1623,100,36,26,10
1624,0,47,47,0
1624,5,47,46,1
1624,10,47,45,2
1624,20,47,44,3
1624,35,47,40,7
1624,50,47,39,8
1624,75,47,38,9
1624,100,47,38,9
1625,0,30,30,0
1625,5,30,30,0
1625,10,30,29,1
1625,20,30,28,2
1625,35,30,25,5
1625,50,30,24,6
1625,75,30,24,6
1625,100,30,24,6
1626,0,30,30,0
1626,5,30,30,0
1626,10,30,30,0
1626,20,30,29,1
1626,35,30,27,3
1626,50,30,27,3
1626,75,30,27,3
1626,100,30,27,3
1627,0,31,31,0
1627,5,31,31,0
1627,10,31,31,0
1627,20,31,30,1
1627,35,31,25,6
1627,50,31,25,6
1627,75,31,25,6
1627,100,31,25,6
1628,0,68,68,0
1628,5,68,67,1
1628,10,68,64,4
1628,20,68,61,7
1628,35,68,58,10
1628,50,68,55,13
1628,75,68,55,13
1628,100,68,54,14
1629,0,49,49,0
1629,5,49,48,1
1629,10,49,42,7
1629,20,49,39,10
1629,35,49,34,15
1629,50,49,32,17
1629,75,49,32,17
1629,100,49,32,17
1630,0,69,69,0
1630,5,69,68,1
1630,10,69,67,2
1630,20,69,66,3
1630,35,69,54,15
1630,50,69,53,16
1630,75,69,53,16
1630,100,69,50,19
1631,0,33,33,0
1631,5,33,31,2
1631,10,33,30,3
1631,20,33,30,3
1631,35,33,27,6
1631,50,33,25,8
1631,75,33,25,8
1631,100,33,24,9
1632,0,20,20,0
1632,5,20,20,0
1632,10,20,20,0
1632,20,20,17,3
1632,35,20,16,4
1632,50,20,14,6
1632,75,20,14,6
1632,100,20,14,6
1633,0,38,38,0
1633,5,38,38,0
1633,10,38,37,1
1633,20,38,37,1
1633,35,38,35,3
1633,50,38,34,4
1633,75,38,34,4
1633,100,38,33,5
1634,0,69,69,0
1634,5,69,67,2
1634,10,69,63,6
1634,20,69,63,6
1634,35,69,62,7
1634,50,69,62,7
1634,75,69,59,10
1634,100,69,53,16
1635,0,64,64,0
1635,5,64,64,0
1635,10,64,62,2
1635,20,64,60,4
1635,35,64,55,9
1635,50,64,55,9
1635,75,64,55,9
1635,100,64,55,9
1636,0,70,70,0
1636,5,70,70,0
1636,10,70,70,0
1636,20,70,69,1
1636,35,70,68,2
1636,50,70,67,3
1636,75,70,67,3
1636,100,70,65,5
1637,0,45,45,0
1637,5,45,45,0
1637,10,45,43,2
1637,20,45,41,4
1637,35,45,39,6
1637,50,45,39,6
1637,75,45,39,6
1637,100,45,39,6
1638,0,31,31,0
1638,5,31,31,0
1638,10,31,29,2
1638,20,31,23,8
1638,35,31,22,9
1638,50,31,22,9
1638,75,31,18,13
1638,100,31,18,13
1639,0,27,27,0
1639,5,27,27,0
1639,10,27,26,1
1639,20,27,25,2
1639,35,27,23,4
1639,50,27,23,4
1639,75,27,23,4
1639,100,27,23,4
1640,0,23,23,0
1640,5,23,23,0
1640,10,23,23,0
1640,20,23,22,1
1640,35,23,21,2
1640,50,23,18,5
1640,75,23,18,5
1640,100,23,18,5
1641,0,87,87,0
1641,5,87,87,0
1641,10,87,87,0
1641,20,87,85,2
1641,35,87,81,6
1641,50,87,79,8
1641,75,87,79,8
1641,100,87,71,16
1642,0,35,35,0
1642,5,35,35,0
1642,10,35,34,1
1642,20,35,34,1
1642,35,35,31,4
1642,50,35,31,4
1642,75,35,30,5
1642,100,35,27,8
1643,0,31,31,0
1643,5,31,31,0
1643,10,31,29,2
1643,20,31,26,5
1643,35,31,23,8
1643,50,31,22,9
1643,75,31,21,10
1643,100,31,21,10
1644,0,24,24,0
1644,5,24,24,0
1644,10,24,22,2
1644,20,24,21,3
1644,35,24,21,3
1644,50,24,20,4
1644,75,24,20,4
1644,100,24,19,5
1645,0,43,43,0
1645,5,43,43,0
1645,10,43,41,2
1645,20,43,41,2
1645,35,43,40,3
1645,50,43,39,4
1645,75,43,38,5
1645,100,43,38,5
1646,0,21,21,0
1646,5,21,21,0
1646,10,21,21,0
1646,20,21,20,1
1646,35,21,17,4
1646,50,21,16,5
1646,75,21,16,5
1646,100,21,16,5
1647,0,17,17,0
1647,5,17,17,0
1647,10,17,17,0
1647,20,17,14,3
1647,35,17,14,3
1647,50,17,14,3
1647,75,17,14,3
1647,100,17,14,3
1648,0,20,20,0
1648,5,20,20,0
1648,10,20,20,0
1648,20,20,19,1
1648,35,20,17,3
1648,50,20,17,3
1648,75,20,17,3
1648,100,20,17,3
1649,0,17,17,0
1649,5,17,17,0
1649,10,17,15,2
1649,20,17,14,3
1649,35,17,13,4
1649,50,17,11,6
1649,75,17,11,6
1649,100,17,11,6
1650,0,27,27,0
1650,5,27,27,0
1650,10,27,27,0
1650,20,27,27,0
1650,35,27,22,5
1650,50,27,21,6
1650,75,27,21,6
1650,100,27,21,6
1651,0,33,33,0
1651,5,33,33,0
1651,10,33,28,5
1651,20,33,28,5
1651,35,33,24,9
1651,50,33,23,10
1651,75,33,22,11
1651,100,33,22,11
1652,0,26,26,0
1652,5,26,26,0
1652,10,26,25,1
1652,20,26,25,1
1652,35,26,24,2
1652,50,26,24,2
1652,75,26,23,3
1652,100,26,23,3
1653,0,32,32,0
1653,5,32,32,0
1653,10,32,30,2
1653,20,32,30,2
1653,35,32,26,6
1653,50,32,26,6
1653,75,32,26,6
1653,100,32,26,6
1654,0,51,51,0
1654,5,51,51,0
1654,10,51,49,2
1654,20,51,48,3
1654,35,51,44,7
1654,50,51,42,9
1654,75,51,42,9
1654,100,51,42,9
1655,0,28,28,0
1655,5,28,28,0
1655,10,28,28,0
1655,20,28,25,3
1655,35,28,21,7
1655,50,28,19,9
1655,75,28,19,9
1655,100,28,19,9
1656,0,32,32,0
1656,5,32,32,0
1656,10,32,32,0
1656,20,32,31,1
1656,35,32,28,4
1656,50,32,24,8
1656,75,32,24,8
1656,100,32,24,8
1657,0,31,31,0
1657,5,31,31,0
1657,10,31,30,1
1657,20,31,26,5
1657,35,31,24,7
1657,50,31,24,7
1657,75,31,24,7
1657,100,31,24,7
1658,0,31,31,0
1658,5,31,31,0
1658,10,31,29,2
1658,20,31,27,4
1658,35,31,24,7
1658,50,31,21,10
1658,75,31,21,10
1658,100,31,21,10
1659,0,41,41,0
1659,5,41,40,1
1659,10,41,39,2
1659,20,41,37,4
1659,35,41,34,7
1659,50,41,31,10
1659,75,41,29,12
1659,100,41,27,14
1660,0,54,54,0
1660,5,54,54,0
1660,10,54,52,2
1660,20,54,50,4
1660,35,54,44,10
1660,50,54,44,10
1660,75,54,44,10
1660,100,54,43,11
1661,0,23,23,0
1661,5,23,23,0
1661,10,23,23,0
1661,20,23,22,1
1661,35,23,21,2
1661,50,23,18,5
1661,75,23,18,5
1661,100,23,18,5
1662,0,42,42,0
1662,5,42,42,0
1662,10,42,40,2
1662,20,42,38,4
1662,35,42,32,10
1662,50,42,32,10
1662,75,42,32,10
1662,100,42,32,10
1663,0,31,31,0
1663,5,31,31,0
1663,10,31,31,0
1663,20,31,30,1
1663,35,31,28,3
1663,50,31,28,3
1663,75,31,28,3
1663,100,31,28,3
1664,0,45,45,0
1664,5,45,45,0
1664,10,45,40,5
1664,20,45,39,6
1664,35,45,38,7
1664,50,45,38,7
1664,75,45,38,7
1664,100,45,37,8
1665,0,26,26,0
1665,5,26,25,1
1665,10,26,24,2
1665,20,26,22,4
1665,35,26,21,5
1665,50,26,21,5
1665,75,26,21,5
1665,100,26,21,5
1666,0,29,29,0
1666,5,29,27,2
1666,10,29,26,3
1666,20,29,26,3
1666,35,29,25,4
1666,50,29,25,4
1666,75,29,24,5
1666,100,29,24,5
1667,0,22,22,0
1667,5,22,22,0
1667,10,22,22,0
1667,20,22,19,3
1667,35,22,19,3
1667,50,22,19,3
1667,75,22,19,3
1667,100,22,19,3
1668,0,27,27,0
1668,5,27,27,0
1668,10,27,26,1
1668,20,27,25,2
1668,35,27,19,8
1668,50,27,19,8
1668,75,27,19,8
1668,100,27,19,8
1669,0,31,31,0
1669,5,31,31,0
1669,10,31,30,1
1669,20,31,30,1
1669,35,31,29,2
1669,50,31,29,2
1669,75,31,29,2
1669,100,31,29,2
1670,0,18,18,0
1670,5,18,18,0
1670,10,18,17,1
1670,20,18,16,2
1670,35,18,16,2
1670,50,18,16,2
1670,75,18,16,2
1670,100,18,16,2
1671,0,31,31,0
1671,5,31,31,0
1671,10,31,30,1
1671,20,31,29,2
1671,35,31,27,4
1671,50,31,27,4
1671,75,31,27,4
1671,100,31,27,4
1672,0,39,39,0
1672,5,39,39,0
1672,10,39,35,4
1672,20,39,34,5
1672,35,39,32,7
1672,50,39,31,8
1672,75,39,30,9
1672,100,39,30,9
1673,0,30,30,0
1673,5,30,30,0
1673,10,30,30,0
1673,20,30,29,1
1673,35,30,28,2
1673,50,30,28,2
1673,75,30,28,2
1673,100,30,28,2
1674,0,109,109,0
1674,5,109,105,4
1674,10,109,104,5
1674,20,109,102,7
1674,35,109,97,12
1674,50,109,95,14
1674,75,109,94,15
1674,100,109,94,15
1675,0,27,27,0
1675,5,27,26,1
1675,10,27,23,4
1675,20,27,22,5
1675,35,27,22,5
1675,50,27,22,5
1675,75,27,22,5
1675,100,27,22,5
1676,0,40,40,0
1676,5,40,39,1
1676,10,40,33,7
1676,20,40,32,8
1676,35,40,31,9
1676,50,40,31,9
1676,75,40,31,9
1676,100,40,31,9
1677,0,20,20,0
1677,5,20,17,3
1677,10,20,15,5
1677,20,20,14,6
1677,35,20,11,9
1677,50,20,11,9
1677,75,20,10,10
1677,100,20,10,10
1678,0,36,36,0
1678,5,36,36,0
1678,10,36,34,2
1678,20,36,33,3
1678,35,36,32,4
1678,50,36,32,4
1678,75,36,32,4
1678,100,36,32,4
1679,0,62,62,0
1679,5,62,62,0
1679,10,62,62,0
1679,20,62,61,1
1679,35,62,56,6
1679,50,62,55,7
1679,75,62,55,7
1679,100,62,48,14
1680,0,16,16,0
1680,5,16,16,0
1680,10,16,16,0
1680,20,16,15,1
1680,35,16,13,3
1680,50,16,13,3
1680,75,16,13,3
1680,100,16,13,3
1681,0,38,38,0
1681,5,38,38,0
1681,10,38,34,4
1681,20,38,33,5
1681,35,38,26,12
1681,50,38,25,13
1681,75,38,25,13
1681,100,38,25,13
1682,0,37,37,0
1682,5,37,34,3
1682,10,37,32,5
1682,20,37,30,7
1682,35,37,29,8
1682,50,37,29,8
1682,75,37,29,8
1682,100,37,28,9
1683,0,15,15,0
1683,5,15,15,0
1683,10,15,15,0
1683,20,15,15,0
1683,35,15,15,0
1683,50,15,15,0
1683,75,15,15,0
1683,100,15,15,0
1684,0,36,36,0
1684,5,36,36,0
1684,10,36,35,1
1684,20,36,35,1
1684,35,36,28,8
1684,50,36,28,8
1684,75,36,28,8
1684,100,36,28,8
1685,0,32,32,0
1685,5,32,32,0
1685,10,32,30,2
1685,20,32,29,3
1685,35,32,24,8
1685,50,32,24,8
1685,75,32,24,8
1685,100,32,24,8
1686,0,39,39,0
1686,5,39,39,0
1686,10,39,39,0
1686,20,39,38,1
1686,35,39,36,3
1686,50,39,36,3
1686,75,39,36,3
1686,100,39,35,4
1687,0,31,31,0
1687,5,31,30,1
1687,10,31,28,3
1687,20,31,26,5
1687,35,31,26,5
1687,50,31,26,5
1687,75,31,26,5
1687,100,31,26,5
1688,0,25,25,0
1688,5,25,25,0
1688,10,25,24,1
1688,20,25,24,1
1688,35,25,20,5
1688,50,25,17,8
1688,75,25,17,8
1688,100,25,17,8
1689,0,29,29,0
1689,5,29,29,0
1689,10,29,27,2
1689,20,29,20,9
1689,35,29,20,9
1689,50,29,20,9
1689,75,29,20,9
1689,100,29,20,9
1690,0,70,70,0
1690,5,70,70,0
1690,10,70,69,1
1690,20,70,68,2
1690,35,70,68,2
1690,50,70,68,2
1690,75,70,68,2
1690,100,70,68,2
1691,0,59,59,0
1691,5,59,59,0
1691,10,59,56,3
1691,20,59,56,3
1691,35,59,54,5
1691,50,59,54,5
1691,75,59,54,5
1691,100,59,54,5
1692,0,20,20,0
1692,5,20,19,1
1692,10,20,18,2
1692,20,20,17,3
1692,35,20,14,6
1692,50,20,14,6
1692,75,20,14,6
1692,100,20,14,6
1693,0,31,31,0
1693,5,31,29,2
1693,10,31,28,3
1693,20,31,25,6
1693,35,31,25,6
1693,50,31,25,6
1693,75,31,25,6
1693,100,31,25,6
1694,0,12,12,0
1694,5,12,12,0
1694,10,12,11,1
1694,20,12,9,3
1694,35,12,8,4
1694,50,12,8,4
1694,75,12,8,4
1694,100,12,8,4
1695,0,30,30,0
1695,5,30,30,0
1695,10,30,29,1
1695,20,30,28,2
1695,35,30,25,5
1695,50,30,23,7
1695,75,30,23,7
1695,100,30,23,7
1696,0,37,37,0
1696,5,37,36,1
1696,10,37,31,6
1696,20,37,28,9
1696,35,37,25,12
1696,50,37,24,13
1696,75,37,24,13
1696,100,37,24,13
1697,0,60,60,0
1697,5,60,60,0
1697,10,60,53,7
1697,20,60,51,9
1697,35,60,47,13
1697,50,60,47,13
1697,75,60,47,13
1697,100,60,47,13
1698,0,28,28,0
1698,5,28,28,0
1698,10,28,27,1
1698,20,28,27,1
1698,35,28,27,1
1698,50,28,27,1
1698,75,28,26,2
1698,100,28,25,3
1699,0,28,28,0
1699,5,28,28,0
1699,10,28,26,2
1699,20,28,26,2
1699,35,28,22,6
1699,50,28,22,6
1699,75,28,22,6
1699,100,28,22,6
1700,0,53,53,0
1700,5,53,52,1
1700,10,53,52,1
1700,20,53,51,2
1700,35,53,50,3
1700,50,53,50,3
1700,75,53,50,3
1700,100,53,44,9
1701,0,29,29,0
1701,5,29,28,1
1701,10,29,27,2
1701,20,29,24,5
1701,35,29,23,6
1701,50,29,23,6
1701,75,29,22,7
1701,100,29,19,10
1702,0,29,29,0
1702,5,29,29,0
1702,10,29,28,1
1702,20,29,28,1
1702,35,29,28,1
1702,50,29,28,1
1702,75,29,28,1
1702,100,29,28,1
1703,0,28,28,0
1703,5,28,26,2
1703,10,28,23,5
1703,20,28,23,5
1703,35,28,23,5
1703,50,28,23,5
1703,75,28,23,5
1703,100,28,23,5
1704,0,44,44,0
1704,5,44,42,2
1704,10,44,39,5
1704,20,44,38,6
1704,35,44,33,11
1704,50,44,33,11
1704,75,44,33,11
1704,100,44,33,11
1705,0,31,31,0
1705,5,31,30,1
1705,10,31,30,1
1705,20,31,29,2
1705,35,31,27,4
1705,50,31,27,4
1705,75,31,27,4
1705,100,31,27,4
1706,0,17,17,0
1706,5,17,17,0
1706,10,17,16,1
1706,20,17,16,1
1706,35,17,16,1
1706,50,17,16,1
1706,75,17,16,1
1706,100,17,16,1
1707,0,49,49,0
1707,5,49,48,1
1707,10,49,42,7
1707,20,49,39,10
1707,35,49,34,15
1707,50,49,32,17
1707,75,49,32,17
1707,100,49,32,17
1708,0,27,27,0
1708,5,27,26,1
1708,10,27,25,2
1708,20,27,24,3
1708,35,27,21,6
1708,50,27,20,7
1708,75,27,20,7
1708,100,27,18,9
1709,0,38,38,0
1709,5,38,38,0
1709,10,38,34,4
1709,20,38,33,5
1709,35,38,22,16
1709,50,38,22,16
1709,75,38,22,16
1709,100,38,18,20
1710,0,23,23,0
1710,5,23,23,0
1710,10,23,20,3
1710,20,23,19,4
1710,35,23,19,4
1710,50,23,19,4
1710,75,23,19,4
1710,100,23,19,4
1711,0,64,64,0
1711,5,64,63,1
1711,10,64,63,1
1711,20,64,62,2
1711,35,64,60,4
1711,50,64,60,4
1711,75,64,60,4
1711,100,64,59,5
1712,0,18,18,0
1712,5,18,18,0
1712,10,18,16,2
1712,20,18,16,2
1712,35,18,15,3
1712,50,18,15,3
1712,75,18,13,5
1712,100,18,13,5
1713,0,39,39,0
1713,5,39,37,2
1713,10,39,34,5
1713,20,39,34,5
1713,35,39,27,12
1713,50,39,27,12
1713,75,39,27,12
1713,100,39,27,12
1714,0,38,38,0
1714,5,38,37,1
1714,10,38,36,2
1714,20,38,35,3
1714,35,38,32,6
1714,50,38,32,6
1714,75,38,32,6
1714,100,38,32,6
1715,0,23,23,0
1715,5,23,23,0
1715,10,23,22,1
1715,20,23,21,2
1715,35,23,19,4
1715,50,23,19,4
1715,75,23,19,4
1715,100,23,19,4
1716,0,39,39,0
1716,5,39,39,0
1716,10,39,39,0
1716,20,39,39,0
1716,35,39,35,4
1716,50,39,35,4
1716,75,39,35,4
1716,100,39,35,4
1717,0,77,77,0
1717,5,77,77,0
1717,10,77,77,0
1717,20,77,74,3
1717,35,77,73,4
1717,50,77,72,5
1717,75,77,69,8
1717,100,77,68,9
1718,0,42,42,0
1718,5,42,42,0
1718,10,42,42,0
1718,20,42,38,4
1718,35,42,36,6
1718,50,42,34,8
1718,75,42,32,10
1718,100,42,32,10
1719,0,24,24,0
1719,5,24,24,0
1719,10,24,23,1
1719,20,24,19,5
1719,35,24,18,6
1719,50,24,18,6
1719,75,24,18,6
1719,100,24,18,6
1720,0,63,63,0
1720,5,63,63,0
1720,10,63,61,2
1720,20,63,59,4
1720,35,63,56,7
1720,50,63,56,7
1720,75,63,56,7
1720,100,63,53,10
1721,0,43,43,0
1721,5,43,43,0
1721,10,43,43,0
1721,20,43,42,1
1721,35,43,42,1
1721,50,43,42,1
1721,75,43,41,2
1721,100,43,41,2
1722,0,34,34,0
1722,5,34,34,0
1722,10,34,34,0
1722,20,34,34,0
1722,35,34,32,2
1722,50,34,31,3
1722,75,34,31,3
1722,100,34,30,4
1723,0,35,35,0
1723,5,35,35,0
1723,10,35,35,0
1723,20,35,34,1
1723,35,35,29,6
1723,50,35,28,7
1723,75,35,28,7
1723,100,35,27,8
1724,0,37,37,0
1724,5,37,35,2
1724,10,37,34,3
1724,20,37,30,7
1724,35,37,24,13
1724,50,37,22,15
1724,75,37,22,15
1724,100,37,22,15
1725,0,47,47,0
1725,5,47,47,0
1725,10,47,46,1
1725,20,47,46,1
1725,35,47,45,2
1725,50,47,45,2
1725,75,47,45,2
1725,100,47,45,2
1726,0,69,69,0
1726,5,69,68,1
1726,10,69,67,2
1726,20,69,66,3
1726,35,69,54,15
1726,50,69,53,16
1726,75,69,53,16
1726,100,69,50,19
1727,0,34,34,0
1727,5,34,32,2
1727,10,34,31,3
1727,20,34,31,3
1727,35,34,29,5
1727,50,34,29,5
1727,75,34,29,5
1727,100,34,29,5
1728,0,30,30,0
1728,5,30,29,1
1728,10,30,28,2
1728,20,30,28,2
1728,35,30,27,3
1728,50,30,26,4
1728,75,30,26,4
1728,100,30,26,4
1729,0,20,20,0
1729,5,20,19,1
1729,10,20,17,3
1729,20,20,17,3
1729,35,20,17,3
1729,50,20,17,3
1729,75,20,17,3
1729,100,20,17,3
1730,0,44,44,0
1730,5,44,44,0
1730,10,44,41,3
1730,20,44,40,4
1730,35,44,38,6
1730,50,44,38,6
1730,75,44,37,7
1730,100,44,33,11
1731,0,24,24,0
1731,5,24,23,1
1731,10,24,19,5
1731,20,24,17,7
1731,35,24,14,10
1731,50,24,14,10
1731,75,24,14,10
1731,100,24,14,10
1732,0,21,21,0
1732,5,21,21,0
1732,10,21,20,1
1732,20,21,20,1
1732,35,21,19,2
1732,50,21,18,3
1732,75,21,17,4
1732,100,21,17,4
1733,0,21,21,0
1733,5,21,21,0
1733,10,21,21,0
1733,20,21,21,0
1733,35,21,19,2
1733,50,21,19,2
1733,75,21,19,2
1733,100,21,19,2
1734,0,16,16,0
1734,5,16,16,0
1734,10,16,13,3
1734,20,16,13,3
1734,35,16,13,3
1734,50,16,13,3
1734,75,16,13,3
1734,100,16,13,3
1735,0,67,67,0
1735,5,67,66,1
1735,10,67,57,10
1735,20,67,48,19
1735,35,67,43,24
1735,50,67,42,25
1735,75,67,42,25
1735,100,67,42,25
1736,0,33,33,0
1736,5,33,32,1
1736,10,33,31,2
1736,20,33,31,2
1736,35,33,30,3
1736,50,33,30,3
1736,75,33,29,4
1736,100,33,29,4
1737,0,17,17,0
1737,5,17,17,0
1737,10,17,17,0
1737,20,17,14,3
1737,35,17,12,5
1737,50,17,12,5
1737,75,17,12,5
1737,100,17,12,5
1738,0,44,44,0
1738,5,44,44,0
1738,10,44,43,1
1738,20,44,42,2
1738,35,44,36,8
1738,50,44,36,8
1738,75,44,36,8
1738,100,44,36,8
1739,0,26,26,0
1739,5,26,24,2
1739,10,26,22,4
1739,20,26,19,7
1739,35,26,13,13
1739,50,26,13,13
1739,75,26,13,13
1739,100,26,13,13
1740,0,22,22,0
1740,5,22,22,0
1740,10,22,21,1
1740,20,22,21,1
1740,35,22,20,2
1740,50,22,20,2
1740,75,22,20,2
1740,100,22,20,2
1741,0,40,40,0
1741,5,40,39,1
1741,10,40,38,2
1741,20,40,38,2
1741,35,40,36,4
1741,50,40,35,5
1741,75,40,35,5
1741,100,40,35,5
1742,0,39,39,0
1742,5,39,37,2
1742,10,39,34,5
1742,20,39,34,5
1742,35,39,27,12
1742,50,39,27,12
1742,75,39,27,12
1742,100,39,27,12
1743,0,19,19,0
1743,5,19,19,0
1743,10,19,18,1
1743,20,19,18,1
1743,35,19,16,3
1743,50,19,16,3
1743,75,19,16,3
1743,100,19,16,3
1744,0,74,74,0
1744,5,74,73,1
1744,10,74,73,1
1744,20,74,73,1
1744,35,74,67,7
1744,50,74,67,7
1744,75,74,67,7
1744,100,74,61,13
1745,0,34,34,0
1745,5,34,34,0
1745,10,34,33,1
1745,20,34,32,2
1745,35,34,27,7
1745,50,34,26,8
1745,75,34,25,9
1745,100,34,25,9
1746,0,48,48,0
1746,5,48,48,0
1746,10,48,46,2
1746,20,48,43,5
1746,35,48,37,11
1746,50,48,36,12
1746,75,48,36,12
1746,100,48,36,12
1747,0,53,53,0
1747,5,53,53,0
1747,10,53,53,0
1747,20,53,53,0
1747,35,53,50,3
1747,50,53,46,7
1747,75,53,44,9
1747,100,53,44,9
1748,0,33,33,0
1748,5,33,33,0
1748,10,33,33,0
1748,20,33,33,0
1748,35,33,33,0
1748,50,33,33,0
1748,75,33,33,0
1748,100,33,33,0
1749,0,34,34,0
1749,5,34,34,0
1749,10,34,33,1
1749,20,34,33,1
1749,35,34,23,11
1749,50,34,23,11
1749,75,34,23,11
1749,100,34,23,11
1750,0,20,20,0
1750,5,20,20,0
1750,10,20,20,0
1750,20,20,20,0
1750,35,20,17,3
1750,50,20,17,3
1750,75,20,17,3
1750,100,20,17,3
1751,0,27,27,0
1751,5,27,26,1
1751,10,27,26,1
1751,20,27,25,2
1751,35,27,24,3
1751,50,27,23,4
1751,75,27,23,4
1751,100,27,23,4
1752,0,27,27,0
1752,5,27,27,0
1752,10,27,27,0
1752,20,27,27,0
1752,35,27,24,3
1752,50,27,22,5
1752,75,27,22,5
1752,100,27,22,5
1753,0,23,23,0
1753,5,23,22,1
1753,10,23,20,3
1753,20,23,17,6
1753,35,23,15,8
1753,50,23,15,8
1753,75,23,14,9
1753,100,23,13,10
1754,0,37,37,0
1754,5,37,36,1
1754,10,37,36,1
1754,20,37,36,1
1754,35,37,36,1
1754,50,37,36,1
1754,75,37,36,1
1754,100,37,36,1
1755,0,37,37,0
1755,5,37,37,0
1755,10,37,36,1
1755,20,37,36,1
1755,35,37,35,2
1755,50,37,35,2
1755,75,37,35,2
1755,100,37,35,2
1756,0,17,17,0
1756,5,17,17,0
1756,10,17,17,0
1756,20,17,16,1
1756,35,17,15,2
1756,50,17,15,2
1756,75,17,14,3
1756,100,17,14,3
1757,0,10,10,0
1757,5,10,8,2
1757,10,10,8,2
1757,20,10,6,4
1757,35,10,6,4
1757,50,10,6,4
1757,75,10,6,4
1757,100,10,6,4
1758,0,39,39,0
1758,5,39,39,0
1758,10,39,38,1
1758,20,39,38,1
1758,35,39,37,2
1758,50,39,37,2
1758,75,39,36,3
1758,100,39,36,3
1759,0,27,27,0
1759,5,27,26,1
1759,10,27,25,2
1759,20,27,22,5
1759,35,27,19,8
1759,50,27,19,8
1759,75,27,19,8
1759,100,27,18,9
1760,0,19,19,0
1760,5,19,19,0
1760,10,19,18,1
1760,20,19,18,1
1760,35,19,18,1
1760,50,19,18,1
1760,75,19,17,2
1760,100,19,17,2
1761,0,34,34,0
1761,5,34,34,0
1761,10,34,34,0
1761,20,34,34,0
1761,35,34,31,3
1761,50,34,31,3
1761,75,34,30,4
1761,100,34,28,6
1762,0,18,18,0
1762,5,18,18,0
1762,10,18,18,0
1762,20,18,18,0
1762,35,18,18,0
1762,50,18,18,0
1762,75,18,17,1
1762,100,18,17,1
1763,0,22,22,0
1763,5,22,22,0
1763,10,22,16,6
1763,20,22,16,6
1763,35,22,13,9
1763,50,22,13,9
1763,75,22,13,9
1763,100,22,13,9
1764,0,31,31,0
1764,5,31,31,0
1764,10,31,30,1
1764,20,31,29,2
1764,35,31,27,4
1764,50,31,27,4
1764,75,31,27,4
1764,100,31,27,4
1765,0,35,35,0
1765,5,35,35,0
1765,10,35,34,1
1765,20,35,34,1
1765,35,35,31,4
1765,50,35,31,4
1765,75,35,31,4
1765,100,35,31,4
1766,0,53,53,0
1766,5,53,49,4
1766,10,53,49,4
1766,20,53,46,7
1766,35,53,43,10
1766,50,53,43,10
1766,75,53,43,10
1766,100,53,41,12
1767,0,20,20,0
1767,5,20,20,0
1767,10,20,20,0
1767,20,20,18,2
1767,35,20,15,5
1767,50,20,15,5
1767,75,20,14,6
1767,100,20,14,6
1768,0,33,33,0
1768,5,33,32,1
1768,10,33,29,4
1768,20,33,23,10
1768,35,33,20,13
1768,50,33,20,13
1768,75,33,19,14
1768,100,33,19,14
1769,0,25,25,0
1769,5,25,25,0
1769,10,25,25,0
1769,20,25,25,0
1769,35,25,23,2
1769,50,25,22,3
1769,75,25,22,3
1769,100,25,22,3
1770,0,32,32,0
1770,5,32,31,1
1770,10,32,29,3
1770,20,32,29,3
1770,35,32,24,8
1770,50,32,23,9
1770,75,32,23,9
1770,100,32,23,9
1771,0,36,36,0
1771,5,36,36,0
1771,10,36,35,1
1771,20,36,35,1
1771,35,36,28,8
1771,50,36,28,8
1771,75,36,28,8
1771,100,36,28,8
1772,0,33,33,0
1772,5,33,33,0
1772,10,33,27,6
1772,20,33,26,7
1772,35,33,24,9
1772,50,33,24,9
1772,75,33,23,10
1772,100,33,22,11
1773,0,37,37,0
1773,5,37,36,1
1773,10,37,34,3
1773,20,37,34,3
1773,35,37,26,11
1773,50,37,26,11
1773,75,37,26,11
1773,100,37,26,11
1774,0,48,48,0
1774,5,48,48,0
1774,10,48,45,3
1774,20,48,43,5
1774,35,48,40,8
1774,50,48,40,8
1774,75,48,40,8
1774,100,48,40,8
1775,0,25,25,0
1775,5,25,24,1
1775,10,25,23,2
1775,20,25,22,3
1775,35,25,20,5
1775,50,25,19,6
1775,75,25,19,6
1775,100,25,19,6
1776,0,39,39,0
1776,5,39,37,2
1776,10,39,34,5
1776,20,39,32,7
1776,35,39,26,13
1776,50,39,23,16
1776,75,39,22,17
1776,100,39,22,17
1777,0,58,58,0
1777,5,58,58,0
1777,10,58,56,2
1777,20,58,54,4
1777,35,58,52,6
1777,50,58,52,6
1777,75,58,52,6
1777,100,58,52,6
1778,0,14,14,0
1778,5,14,14,0
1778,10,14,12,2
1778,20,14,12,2
1778,35,14,11,3
1778,50,14,11,3
1778,75,14,11,3
1778,100,14,11,3
1779,0,29,29,0
1779,5,29,29,0
1779,10,29,27,2
1779,20,29,26,3
1779,35,29,25,4
1779,50,29,25,4
1779,75,29,25,4
1779,100,29,25,4
1780,0,55,55,0
1780,5,55,54,1
1780,10,55,53,2
1780,20,55,49,6
1780,35,55,46,9
1780,50,55,46,9
1780,75,55,46,9
1780,100,55,46,9
1781,0,12,12,0
1781,5,12,9,3
1781,10,12,8,4
1781,20,12,8,4
1781,35,12,7,5
1781,50,12,7,5
1781,75,12,7,5
1781,100,12,7,5
1782,0,31,31,0
1782,5,31,31,0
1782,10,31,31,0
1782,20,31,30,1
1782,35,31,30,1
1782,50,31,30,1
1782,75,31,30,1
1782,100,31,30,1
1783,0,20,20,0
1783,5,20,20,0
1783,10,20,20,0
1783,20,20,19,1
1783,35,20,19,1
1783,50,20,19,1
1783,75,20,19,1
1783,100,20,19,1
1784,0,39,39,0
1784,5,39,38,1
1784,10,39,38,1
1784,20,39,38,1
1784,35,39,35,4
1784,50,39,35,4
1784,75,39,35,4
1784,100,39,34,5
1785,0,24,24,0
1785,5,24,24,0
1785,10,24,23,1
1785,20,24,23,1
1785,35,24,23,1
1785,50,24,23,1
1785,75,24,23,1
1785,100,24,23,1
1786,0,30,30,0
1786,5,30,30,0
1786,10,30,29,1
1786,20,30,29,1
1786,35,30,22,8
1786,50,30,22,8
1786,75,30,22,8
1786,100,30,22,8
1787,0,20,20,0
1787,5,20,19,1
1787,10,20,18,2
1787,20,20,16,4
1787,35,20,16,4
1787,50,20,16,4
1787,75,20,15,5
1787,100,20,15,5
1788,0,32,32,0
1788,5,32,31,1
1788,10,32,30,2
1788,20,32,29,3
1788,35,32,27,5
1788,50,32,27,5
1788,75,32,27,5
1788,100,32,24,8
1789,0,45,45,0
1789,5,45,45,0
1789,10,45,40,5
1789,20,45,39,6
1789,35,45,38,7
1789,50,45,38,7
1789,75,45,38,7
1789,100,45,37,8
1790,0,54,54,0
1790,5,54,54,0
1790,10,54,54,0
1790,20,54,54,0
1790,35,54,53,1
1790,50,54,53,1
1790,75,54,53,1
1790,100,54,53,1
1791,0,38,38,0
1791,5,38,38,0
1791,10,38,37,1
1791,20,38,36,2
1791,35,38,31,7
1791,50,38,31,7
1791,75,38,30,8
1791,100,38,29,9
1792,0,55,55,0
1792,5,55,55,0
1792,10,55,53,2
1792,20,55,49,6
1792,35,55,43,12
1792,50,55,43,12
1792,75,55,42,13
1792,100,55,37,18
1793,0,35,35,0
1793,5,35,34,1
1793,10,35,34,1
1793,20,35,33,2
1793,35,35,30,5
1793,50,35,30,5
1793,75,35,30,5
1793,100,35,30,5
1794,0,34,34,0
1794,5,34,34,0
1794,10,34,32,2
1794,20,34,31,3
1794,35,34,26,8
1794,50,34,26,8
1794,75,34,25,9
1794,100,34,20,14
1795,0,31,31,0
1795,5,31,31,0
1795,10,31,30,1
1795,20,31,28,3
1795,35,31,27,4
1795,50,31,27,4
1795,75,31,27,4
1795,100,31,27,4
1796,0,35,35,0
1796,5,35,35,0
1796,10,35,33,2
1796,20,35,31,4
1796,35,35,30,5
1796,50,35,24,11
1796,75,35,23,12
1796,100,35,23,12
1797,0,42,42,0
1797,5,42,42,0
1797,10,42,41,1
1797,20,42,41,1
1797,35,42,35,7
1797,50,42,35,7
1797,75,42,34,8
1797,100,42,34,8
1798,0,39,39,0
1798,5,39,39,0
1798,10,39,38,1
1798,20,39,36,3
1798,35,39,33,6
1798,50,39,33,6
1798,75,39,33,6
1798,100,39,33,6
1799,0,62,62,0
1799,5,62,62,0
1799,10,62,61,1
1799,20,62,60,2
1799,35,62,54,8
1799,50,62,53,9
1799,75,62,53,9
1799,100,62,53,9
1800,0,35,35,0
1800,5,35,35,0
1800,10,35,33,2
1800,20,35,31,4
1800,35,35,30,5
1800,50,35,24,11
1800,75,35,23,12
1800,100,35,23,12
1801,0,24,24,0
1801,5,24,24,0
1801,10,24,22,2
1801,20,24,22,2
1801,35,24,17,7
1801,50,24,17,7
1801,75,24,17,7
1801,100,24,17,7
1802,0,26,26,0
1802,5,26,26,0
1802,10,26,26,0
1802,20,26,26,0
1802,35,26,23,3
1802,50,26,23,3
1802,75,26,22,4
1802,100,26,22,4
1803,0,43,43,0
1803,5,43,41,2
1803,10,43,39,4
1803,20,43,36,7
1803,35,43,33,10
1803,50,43,31,12
1803,75,43,31,12
1803,100,43,31,12
1804,0,34,34,0
1804,5,34,34,0
1804,10,34,34,0
1804,20,34,34,0
1804,35,34,32,2
1804,50,34,31,3
1804,75,34,31,3
1804,100,34,30,4
1805,0,30,30,0
1805,5,30,30,0
1805,10,30,30,0
1805,20,30,30,0
1805,35,30,30,0
1805,50,30,30,0
1805,75,30,30,0
1805,100,30,30,0
1806,0,47,47,0
1806,5,47,47,0
1806,10,47,46,1
1806,20,47,44,3
1806,35,47,40,7
1806,50,47,39,8
1806,75,47,39,8
1806,100,47,38,9
1807,0,17,17,0
1807,5,17,17,0
1807,10,17,17,0
1807,20,17,17,0
1807,35,17,17,0
1807,50,17,16,1
1807,75,17,16,1
1807,100,17,16,1
1808,0,32,32,0
1808,5,32,32,0
1808,10,32,29,3
1808,20,32,29,3
1808,35,32,25,7
1808,50,32,25,7
1808,75,32,25,7
1808,100,32,25,7
1809,0,39,39,0
1809,5,39,39,0
1809,10,39,38,1
1809,20,39,32,7
1809,35,39,31,8
1809,50,39,30,9
1809,75,39,29,10
1809,100,39,29,10
1810,0,62,62,0
1810,5,62,62,0
1810,10,62,60,2
1810,20,62,58,4
1810,35,62,56,6
1810,50,62,53,9
1810,75,62,52,10
1810,100,62,51,11
1811,0,23,23,0
1811,5,23,23,0
1811,10,23,19,4
1811,20,23,19,4
1811,35,23,17,6
1811,50,23,16,7
1811,75,23,15,8
1811,100,23,14,9
1812,0,28,28,0
1812,5,28,28,0
1812,10,28,26,2
1812,20,28,22,6
1812,35,28,22,6
1812,50,28,22,6
1812,75,28,22,6
1812,100,28,22,6
1813,0,22,22,0
1813,5,22,22,0
1813,10,22,21,1
1813,20,22,21,1
1813,35,22,16,6
1813,50,22,16,6
1813,75,22,16,6
1813,100,22,16,6
1814,0,43,43,0
1814,5,43,42,1
1814,10,43,35,8
1814,20,43,22,21
1814,35,43,16,27
1814,50,43,16,27
1814,75,43,16,27
1814,100,43,16,27
1815,0,29,29,0
1815,5,29,29,0
1815,10,29,25,4
1815,20,29,24,5
1815,35,29,24,5
1815,50,29,24,5
1815,75,29,23,6
1815,100,29,22,7
1816,0,27,27,0
1816,5,27,27,0
1816,10,27,24,3
1816,20,27,23,4
1816,35,27,22,5
1816,50,27,22,5
1816,75,27,22,5
1816,100,27,22,5
1817,0,39,39,0
1817,5,39,39,0
1817,10,39,38,1
1817,20,39,34,5
1817,35,39,33,6
1817,50,39,33,6
1817,75,39,33,6
1817,100,39,33,6
1818,0,28,28,0
1818,5,28,28,0
1818,10,28,26,2
1818,20,28,26,2
1818,35,28,25,3
1818,50,28,25,3
1818,75,28,25,3
1818,100,28,25,3
1819,0,42,42,0
1819,5,42,42,0
1819,10,42,42,0
1819,20,42,42,0
1819,35,42,40,2
1819,50,42,40,2
1819,75,42,40,2
1819,100,42,38,4
1820,0,48,48,0
1820,5,48,48,0
1820,10,48,47,1
1820,20,48,45,3
1820,35,48,40,8
1820,50,48,40,8
1820,75,48,40,8
1820,100,48,40,8
1821,0,27,27,0
1821,5,27,26,1
1821,10,27,24,3
1821,20,27,22,5
1821,35,27,19,8
1821,50,27,18,9
1821,75,27,18,9
1821,100,27,17,10
1822,0,29,29,0
1822,5,29,29,0
1822,10,29,29,0
1822,20,29,28,1
1822,35,29,27,2
1822,50,29,26,3
1822,75,29,26,3
1822,100,29,26,3
1823,0,31,31,0
1823,5,31,31,0
1823,10,31,30,1
1823,20,31,29,2
1823,35,31,29,2
1823,50,31,29,2
1823,75,31,29,2
1823,100,31,29,2
1824,0,28,28,0
1824,5,28,27,1
1824,10,28,27,1
1824,20,28,26,2
1824,35,28,23,5
1824,50,28,23,5
1824,75,28,23,5
1824,100,28,23,5
1825,0,48,48,0
1825,5,48,48,0
1825,10,48,47,1
1825,20,48,45,3
1825,35,48,45,3
1825,50,48,45,3
1825,75,48,45,3
1825,100,48,43,5
1826,0,25,25,0
1826,5,25,25,0
1826,10,25,24,1
1826,20,25,24,1
1826,35,25,23,2
1826,50,25,23,2
1826,75,25,23,2
1826,100,25,23,2
1827,0,46,46,0
1827,5,46,45,1
1827,10,46,43,3
1827,20,46,43,3
1827,35,46,39,7
1827,50,46,38,8
1827,75,46,37,9
1827,100,46,33,13
1828,0,66,66,0
1828,5,66,64,2
1828,10,66,63,3
1828,20,66,63,3
1828,35,66,56,10
1828,50,66,53,13
1828,75,66,51,15
1828,100,66,40,26
1829,0,37,37,0
1829,5,37,35,2
1829,10,37,35,2
1829,20,37,34,3
1829,35,37,33,4
1829,50,37,33,4
1829,75,37,33,4
1829,100,37,33,4
1830,0,38,38,0
1830,5,38,36,2
1830,10,38,34,4
1830,20,38,33,5
1830,35,38,31,7
1830,50,38,27,11
1830,75,38,27,11
1830,100,38,27,11
1831,0,35,35,0
1831,5,35,35,0
1831,10,35,35,0
1831,20,35,35,0
1831,35,35,32,3
1831,50,35,32,3
1831,75,35,32,3
1831,100,35,32,3
1832,0,24,24,0
1832,5,24,24,0
1832,10,24,22,2
1832,20,24,22,2
1832,35,24,21,3
1832,50,24,21,3
1832,75,24,21,3
1832,100,24,20,4
1833,0,49,49,0
1833,5,49,49,0
1833,10,49,48,1
1833,20,49,47,2
1833,35,49,45,4
1833,50,49,44,5
1833,75,49,44,5
1833,100,49,44,5
1834,0,47,47,0
1834,5,47,47,0
1834,10,47,45,2
1834,20,47,44,3
1834,35,47,39,8
1834,50,47,39,8
1834,75,47,38,9
1834,100,47,36,11
1835,0,23,23,0
1835,5,23,22,1
1835,10,23,22,1
1835,20,23,22,1
1835,35,23,20,3
1835,50,23,20,3
1835,75,23,19,4
1835,100,23,19,4
1836,0,22,22,0
1836,5,22,22,0
1836,10,22,19,3
1836,20,22,16,6
1836,35,22,15,7
1836,50,22,15,7
1836,75,22,15,7
1836,100,22,9,13
1837,0,47,47,0
1837,5,47,47,0
1837,10,47,46,1
1837,20,47,44,3
1837,35,47,41,6
1837,50,47,40,7
1837,75,47,40,7
1837,100,47,40,7
1838,0,31,31,0
1838,5,31,31,0
1838,10,31,30,1
1838,20,31,26,5
1838,35,31,24,7
1838,50,31,24,7
1838,75,31,24,7
1838,100,31,24,7
1839,0,22,22,0
1839,5,22,22,0
1839,10,22,21,1
1839,20,22,21,1
1839,35,22,20,2
1839,50,22,20,2
1839,75,22,18,4
1839,100,22,18,4
1840,0,32,32,0
1840,5,32,32,0
1840,10,32,32,0
1840,20,32,31,1
1840,35,32,31,1
1840,50,32,30,2
1840,75,32,30,2
1840,100,32,27,5
1841,0,54,54,0
1841,5,54,54,0
1841,10,54,54,0
1841,20,54,54,0
1841,35,54,51,3
1841,50,54,51,3
1841,75,54,51,3
1841,100,54,48,6
1842,0,29,29,0
1842,5,29,28,1
1842,10,29,27,2
1842,20,29,27,2
1842,35,29,22,7
1842,50,29,22,7
1842,75,29,21,8
1842,100,29,21,8
1843,0,29,29,0
1843,5,29,29,0
1843,10,29,27,2
1843,20,29,26,3
1843,35,29,24,5
1843,50,29,24,5
1843,75,29,24,5
1843,100,29,24,5
1844,0,16,16,0
1844,5,16,16,0
1844,10,16,16,0
1844,20,16,15,1
1844,35,16,14,2
1844,50,16,12,4
1844,75,16,12,4
1844,100,16,12,4
1845,0,34,34,0
1845,5,34,34,0
1845,10,34,34,0
1845,20,34,32,2
1845,35,34,30,4
1845,50,34,30,4
1845,75,34,29,5
1845,100,34,29,5
1846,0,37,37,0
1846,5,37,37,0
1846,10,37,37,0
1846,20,37,37,0
1846,35,37,33,4
1846,50,37,33,4
1846,75,37,33,4
1846,100,37,33,4
1847,0,21,21,0
1847,5,21,20,1
1847,10,21,19,2
1847,20,21,19,2
1847,35,21,19,2
1847,50,21,18,3
1847,75,21,18,3
1847,100,21,18,3
1848,0,45,45,0
1848,5,45,45,0
1848,10,45,45,0
1848,20,45,45,0
1848,35,45,43,2
1848,50,45,41,4
1848,75,45,41,4
1848,100,45,41,4
1849,0,28,28,0
1849,5,28,28,0
1849,10,28,26,2
1849,20,28,24,4
1849,35,28,20,8
1849,50,28,20,8
1849,75,28,20,8
1849,100,28,20,8
1850,0,88,88,0
1850,5,88,84,4
1850,10,88,83,5
1850,20,88,81,7
1850,35,88,79,9
1850,50,88,79,9
1850,75,88,78,10
1850,100,88,77,11
1851,0,41,41,0
1851,5,41,37,4
1851,10,41,35,6
1851,20,41,35,6
1851,35,41,31,10
1851,50,41,27,14
1851,75,41,27,14
1851,100,41,26,15
1852,0,30,30,0
1852,5,30,29,1
1852,10,30,28,2
1852,20,30,26,4
1852,35,30,21,9
1852,50,30,21,9
1852,75,30,21,9
1852,100,30,21,9
1853,0,33,33,0
1853,5,33,32,1
1853,10,33,30,3
1853,20,33,29,4
1853,35,33,26,7
1853,50,33,26,7
1853,75,33,26,7
1853,100,33,26,7
1854,0,21,21,0
1854,5,21,21,0
1854,10,21,20,1
1854,20,21,19,2
1854,35,21,17,4
1854,50,21,17,4
1854,75,21,17,4
1854,100,21,17,4
1855,0,61,61,0
1855,5,61,61,0
1855,10,61,57,4
1855,20,61,55,6
1855,35,61,53,8
1855,50,61,50,11
1855,75,61,50,11
1855,100,61,50,11
1856,0,30,30,0
1856,5,30,29,1
1856,10,30,28,2
1856,20,30,27,3
1856,35,30,27,3
1856,50,30,26,4
1856,75,30,26,4
1856,100,30,25,5
1857,0,39,39,0
1857,5,39,35,4
1857,10,39,29,10
1857,20,39,27,12
1857,35,39,25,14
1857,50,39,25,14
1857,75,39,24,15
1857,100,39,24,15
1858,0,33,33,0
1858,5,33,31,2
1858,10,33,30,3
1858,20,33,29,4
1858,35,33,28,5
1858,50,33,28,5
1858,75,33,27,6
1858,100,33,27,6
1859,0,38,38,0
1859,5,38,36,2
1859,10,38,35,3
1859,20,38,29,9
1859,35,38,23,15
1859,50,38,23,15
1859,75,38,22,16
1859,100,38,22,16
1860,0,41,41,0
1860,5,41,41,0
1860,10,41,36,5
1860,20,41,31,10
1860,35,41,31,10
1860,50,41,30,11
1860,75,41,29,12
1860,100,41,29,12
1861,0,35,35,0
1861,5,35,34,1
1861,10,35,31,4
1861,20,35,29,6
1861,35,35,25,10
1861,50,35,23,12
1861,75,35,23,12
1861,100,35,22,13
1862,0,84,84,0
1862,5,84,84,0
1862,10,84,82,2
1862,20,84,82,2
1862,35,84,77,7
1862,50,84,77,7
1862,75,84,77,7
1862,100,84,70,14
1863,0,34,34,0
1863,5,34,32,2
1863,10,34,28,6
1863,20,34,28,6
1863,35,34,24,10
1863,50,34,24,10
1863,75,34,24,10
1863,100,34,24,10
1864,0,26,26,0
1864,5,26,26,0
1864,10,26,25,1
1864,20,26,23,3
1864,35,26,23,3
1864,50,26,20,6
1864,75,26,20,6
1864,100,26,20,6
1865,0,8,8,0
1865,5,8,8,0
1865,10,8,8,0
1865,20,8,8,0
1865,35,8,8,0
1865,50,8,8,0
1865,75,8,8,0
1865,100,8,8,0
1866,0,43,43,0
1866,5,43,43,0
1866,10,43,42,1
1866,20,43,42,1
1866,35,43,33,10
1866,50,43,32,11
1866,75,43,29,14
1866,100,43,29,14
1867,0,22,22,0
1867,5,22,22,0
1867,10,22,20,2
1867,20,22,20,2
1867,35,22,20,2
1867,50,22,20,2
1867,75,22,19,3
1867,100,22,19,3
1868,0,46,46,0
1868,5,46,46,0
1868,10,46,44,2
1868,20,46,44,2
1868,35,46,42,4
1868,50,46,42,4
1868,75,46,41,5
1868,100,46,40,6
1869,0,66,66,0
1869,5,66,65,1
1869,10,66,60,6
1869,20,66,55,11
1869,35,66,40,26
1869,50,66,39,27
1869,75,66,39,27
1869,100,66,39,27
1870,0,32,32,0
1870,5,32,32,0
1870,10,32,29,3
1870,20,32,25,7
1870,35,32,23,9
1870,50,32,23,9
1870,75,32,23,9
1870,100,32,21,11
1871,0,24,24,0
1871,5,24,20,4
1871,10,24,18,6
1871,20,24,17,7
1871,35,24,15,9
1871,50,24,14,10
1871,75,24,14,10
1871,100,24,14,10
1872,0,31,31,0
1872,5,31,31,0
1872,10,31,31,0
1872,20,31,30,1
1872,35,31,25,6
1872,50,31,25,6
1872,75,31,25,6
1872,100,31,25,6
1873,0,10,10,0
1873,5,10,10,0
1873,10,10,10,0
1873,20,10,10,0
1873,35,10,9,1
1873,50,10,9,1
1873,75,10,9,1
1873,100,10,9,1
1874,0,39,39,0
1874,5,39,37,2
1874,10,39,34,5
1874,20,39,34,5
1874,35,39,27,12
1874,50,39,27,12
1874,75,39,27,12
1874,100,39,27,12
1875,0,21,21,0
1875,5,21,20,1
1875,10,21,16,5
1875,20,21,14,7
1875,35,21,12,9
1875,50,21,12,9
1875,75,21,12,9
1875,100,21,12,9
1876,0,36,36,0
1876,5,36,36,0
1876,10,36,36,0
1876,20,36,35,1
1876,35,36,26,10
1876,50,36,26,10
1876,75,36,26,10
1876,100,36,24,12
1877,0,23,23,0
1877,5,23,22,1
1877,10,23,21,2
1877,20,23,19,4
1877,35,23,17,6
1877,50,23,17,6
1877,75,23,17,6
1877,100,23,17,6
1878,0,44,44,0
1878,5,44,43,1
1878,10,44,37,7
1878,20,44,37,7
1878,35,44,30,14
1878,50,44,29,15
1878,75,44,29,15
1878,100,44,29,15
1879,0,22,22,0
1879,5,22,22,0
1879,10,22,22,0
1879,20,22,21,1
1879,35,22,16,6
1879,50,22,16,6
1879,75,22,16,6
1879,100,22,16,6
1880,0,38,38,0
1880,5,38,38,0
1880,10,38,38,0
1880,20,38,38,0
1880,35,38,34,4
1880,50,38,34,4
1880,75,38,32,6
1880,100,38,32,6
1881,0,24,24,0
1881,5,24,24,0
1881,10,24,24,0
1881,20,24,24,0
1881,35,24,22,2
1881,50,24,22,2
1881,75,24,22,2
1881,100,24,22,2
1882,0,37,37,0
1882,5,37,37,0
1882,10,37,36,1
1882,20,37,34,3
1882,35,37,29,8
1882,50,37,29,8
1882,75,37,29,8
1882,100,37,29,8
1883,0,66,66,0
1883,5,66,66,0
1883,10,66,59,7
1883,20,66,59,7
1883,35,66,40,26
1883,50,66,39,27
1883,75,66,39,27
1883,100,66,37,29
1884,0,27,27,0
1884,5,27,27,0
1884,10,27,27,0
1884,20,27,26,1
1884,35,27,21,6
1884,50,27,19,8
1884,75,27,19,8
1884,100,27,19,8
1885,0,22,22,0
1885,5,22,22,0
1885,10,22,22,0
1885,20,22,22,0
1885,35,22,21,1
1885,50,22,21,1
1885,75,22,20,2
1885,100,22,20,2
1886,0,46,46,0
1886,5,46,45,1
1886,10,46,43,3
1886,20,46,41,5
1886,35,46,26,20
1886,50,46,25,21
1886,75,46,25,21
1886,100,46,25,21
1887,0,31,31,0
1887,5,31,31,0
1887,10,31,30,1
1887,20,31,29,2
1887,35,31,28,3
1887,50,31,28,3
1887,75,31,28,3
1887,100,31,28,3
1888,0,43,43,0
1888,5,43,42,1
1888,10,43,41,2
1888,20,43,40,3
1888,35,43,40,3
1888,50,43,40,3
1888,75,43,38,5
1888,100,43,38,5
1889,0,33,33,0
1889,5,33,33,0
1889,10,33,32,1
1889,20,33,31,2
1889,35,33,27,6
1889,50,33,26,7
1889,75,33,25,8
1889,100,33,25,8
1890,0,24,24,0
1890,5,24,24,0
1890,10,24,24,0
1890,20,24,24,0
1890,35,24,24,0
1890,50,24,23,1
1890,75,24,23,1
1890,100,24,23,1
1891,0,25,25,0
1891,5,25,25,0
1891,10,25,25,0
1891,20,25,23,2
1891,35,25,19,6
1891,50,25,19,6
1891,75,25,19,6
1891,100,25,19,6
1892,0,27,27,0
1892,5,27,25,2
1892,10,27,23,4
1892,20,27,23,4
1892,35,27,20,7
1892,50,27,19,8
1892,75,27,19,8
1892,100,27,19,8
1893,0,43,43,0
1893,5,43,43,0
1893,10,43,40,3
1893,20,43,38,5
1893,35,43,33,10
1893,50,43,33,10
1893,75,43,33,10
1893,100,43,33,10
1894,0,45,45,0
1894,5,45,42,3
1894,10,45,36,9
1894,20,45,35,10
1894,35,45,34,11
1894,50,45,34,11
1894,75,45,34,11
1894,100,45,34,11
1895,0,46,46,0
1895,5,46,46,0
1895,10,46,42,4
1895,20,46,40,6
1895,35,46,33,13
1895,50,46,33,13
1895,75,46,33,13
1895,100,46,33,13
1896,0,29,29,0
1896,5,29,29,0
1896,10,29,29,0
1896,20,29,28,1
1896,35,29,22,7
1896,50,29,22,7
1896,75,29,21,8
1896,100,29,20,9
1897,0,16,16,0
1897,5,16,16,0
1897,10,16,15,1
1897,20,16,14,2
1897,35,16,12,4
1897,50,16,12,4
1897,75,16,12,4
1897,100,16,12,4
1898,0,28,28,0
1898,5,28,28,0
1898,10,28,26,2
1898,20,28,24,4
1898,35,28,20,8
1898,50,28,20,8
1898,75,28,20,8
1898,100,28,20,8
1899,0,73,73,0
1899,5,73,72,1
1899,10,73,66,7
1899,20,73,65,8
1899,35,73,59,14
1899,50,73,58,15
1899,75,73,58,15
1899,100,73,56,17
1900,0,26,26,0
1900,5,26,26,0
1900,10,26,25,1
1900,20,26,25,1
1900,35,26,25,1
1900,50,26,25,1
1900,75,26,25,1
1900,100,26,25,1
1901,0,33,33,0
1901,5,33,32,1
1901,10,33,32,1
1901,20,33,31,2
1901,35,33,28,5
1901,50,33,28,5
1901,75,33,28,5
1901,100,33,28,5
1902,0,27,27,0
1902,5,27,27,0
1902,10,27,25,2
1902,20,27,24,3
1902,35,27,20,7
1902,50,27,20,7
1902,75,27,20,7
1902,100,27,20,7
1903,0,34,34,0
1903,5,34,34,0
1903,10,34,34,0
1903,20,34,33,1
1903,35,34,33,1
1903,50,34,33,1
1903,75,34,33,1
1903,100,34,32,2
1904,0,38,38,0
1904,5,38,36,2
1904,10,38,30,8
1904,20,38,29,9
1904,35,38,29,9
1904,50,38,29,9
1904,75,38,29,9
1904,100,38,29,9
1905,0,31,31,0
1905,5,31,26,5
1905,10,31,21,10
1905,20,31,18,13
1905,35,31,16,15
1905,50,31,16,15
1905,75,31,16,15
1905,100,31,16,15
1906,0,31,31,0
1906,5,31,30,1
1906,10,31,28,3
1906,20,31,28,3
1906,35,31,26,5
1906,50,31,23,8
1906,75,31,23,8
1906,100,31,23,8
1907,0,38,38,0
1907,5,38,37,1
1907,10,38,33,5
1907,20,38,32,6
1907,35,38,29,9
1907,50,38,29,9
1907,75,38,29,9
1907,100,38,29,9
1908,0,25,25,0
1908,5,25,25,0
1908,10,25,24,1
1908,20,25,24,1
1908,35,25,19,6
1908,50,25,17,8
1908,75,25,17,8
1908,100,25,17,8
1909,0,22,22,0
1909,5,22,22,0
1909,10,22,21,1
1909,20,22,21,1
1909,35,22,21,1
1909,50,22,21,1
1909,75,22,21,1
1909,100,22,19,3
1910,0,44,44,0
1910,5,44,41,3
1910,10,44,37,7
1910,20,44,37,7
1910,35,44,32,12
1910,50,44,32,12
1910,75,44,32,12
1910,100,44,31,13
1911,0,26,26,0
1911,5,26,24,2
1911,10,26,19,7
1911,20,26,18,8
1911,35,26,15,11
1911,50,26,14,12
1911,75,26,13,13
1911,100,26,13,13
1912,0,59,59,0
1912,5,59,59,0
1912,10,59,58,1
1912,20,59,58,1
1912,35,59,53,6
1912,50,59,50,9
1912,75,59,50,9
1912,100,59,49,10
1913,0,20,20,0
1913,5,20,20,0
1913,10,20,20,0
1913,20,20,20,0
1913,35,20,20,0
1913,50,20,19,1
1913,75,20,17,3
1913,100,20,17,3
1914,0,35,35,0
1914,5,35,34,1
1914,10,35,31,4
1914,20,35,31,4
1914,35,35,27,8
1914,50,35,27,8
1914,75,35,26,9
1914,100,35,26,9
1915,0,49,49,0
1915,5,49,49,0
1915,10,49,49,0
1915,20,49,49,0
1915,35,49,46,3
1915,50,49,46,3
1915,75,49,46,3
1915,100,49,43,6
1916,0,19,19,0
1916,5,19,19,0
1916,10,19,19,0
1916,20,19,17,2
1916,35,19,16,3
1916,50,19,15,4
1916,75,19,15,4
1916,100,19,15,4
1917,0,40,40,0
1917,5,40,40,0
1917,10,40,40,0
1917,20,40,39,1
1917,35,40,36,4
1917,50,40,35,5
1917,75,40,35,5
1917,100,40,34,6
1918,0,34,34,0
1918,5,34,34,0
1918,10,34,30,4
1918,20,34,30,4
1918,35,34,28,6
1918,50,34,28,6
1918,75,34,28,6
1918,100,34,28,6
1919,0,33,33,0
1919,5,33,32,1
1919,10,33,29,4
1919,20,33,23,10
1919,35,33,20,13
1919,50,33,20,13
1919,75,33,19,14
1919,100,33,19,14
1920,0,39,39,0
1920,5,39,39,0
1920,10,39,36,3
1920,20,39,35,4
1920,35,39,33,6
1920,50,39,32,7
1920,75,39,32,7
1920,100,39,31,8
1921,0,24,24,0
1921,5,24,24,0
1921,10,24,24,0
1921,20,24,24,0
1921,35,24,16,8
1921,50,24,16,8
1921,75,24,16,8
1921,100,24,16,8
1922,0,18,18,0
1922,5,18,18,0
1922,10,18,18,0
1922,20,18,18,0
1922,35,18,18,0
1922,50,18,18,0
1922,75,18,17,1
1922,100,18,17,1
1923,0,24,24,0
1923,5,24,24,0
1923,10,24,22,2
1923,20,24,21,3
1923,35,24,17,7
1923,50,24,17,7
1923,75,24,17,7
1923,100,24,17,7
1924,0,20,20,0
1924,5,20,20,0
1924,10,20,17,3
1924,20,20,15,5
1924,35,20,10,10
1924,50,20,10,10
1924,75,20,10,10
1924,100,20,10,10
1925,0,30,30,0
1925,5,30,29,1
1925,10,30,27,3
1925,20,30,27,3
1925,35,30,26,4
1925,50,30,26,4
1925,75,30,26,4
1925,100,30,26,4
1926,0,33,33,0
1926,5,33,33,0
1926,10,33,31,2
1926,20,33,30,3
1926,35,33,28,5
1926,50,33,28,5
1926,75,33,28,5
1926,100,33,28,5
1927,0,37,37,0
1927,5,37,37,0
1927,10,37,37,0
1927,20,37,36,1
1927,35,37,33,4
1927,50,37,33,4
1927,75,37,32,5
1927,100,37,32,5
1928,0,40,40,0
1928,5,40,38,2
1928,10,40,31,9
1928,20,40,29,11
1928,35,40,27,13
1928,50,40,27,13
1928,75,40,27,13
1928,100,40,27,13
1929,0,30,30,0
1929,5,30,29,1
1929,10,30,27,3
1929,20,30,26,4
1929,35,30,20,10
1929,50,30,20,10
1929,75,30,18,12
1929,100,30,18,12
1930,0,44,44,0
1930,5,44,42,2
1930,10,44,39,5
1930,20,44,38,6
1930,35,44,33,11
1930,50,44,33,11
1930,75,44,33,11
1930,100,44,33,11
1931,0,20,20,0
1931,5,20,20,0
1931,10,20,17,3
1931,20,20,17,3
1931,35,20,16,4
1931,50,20,16,4
1931,75,20,16,4
1931,100,20,16,4
1932,0,43,43,0
1932,5,43,43,0
1932,10,43,39,4
1932,20,43,37,6
1932,35,43,36,7
1932,50,43,33,10
1932,75,43,33,10
1932,100,43,32,11
1933,0,26,26,0
1933,5,26,25,1
1933,10,26,20,6
1933,20,26,18,8
1933,35,26,16,10
1933,50,26,11,15
1933,75,26,11,15
1933,100,26,11,15
1934,0,28,28,0
1934,5,28,28,0
1934,10,28,27,1
1934,20,28,26,2
1934,35,28,25,3
1934,50,28,23,5
1934,75,28,23,5
1934,100,28,23,5
1935,0,27,27,0
1935,5,27,27,0
1935,10,27,27,0
1935,20,27,24,3
1935,35,27,23,4
1935,50,27,23,4
1935,75,27,23,4
1935,100,27,22,5
1936,0,43,43,0
1936,5,43,43,0
1936,10,43,41,2
1936,20,43,41,2
1936,35,43,40,3
1936,50,43,40,3
1936,75,43,38,5
1936,100,43,38,5
1937,0,48,48,0
1937,5,48,48,0
1937,10,48,44,4
1937,20,48,44,4
1937,35,48,41,7
1937,50,48,41,7
1937,75,48,40,8
1937,100,48,26,22
1938,0,27,27,0
1938,5,27,26,1
1938,10,27,24,3
1938,20,27,24,3
1938,35,27,22,5
1938,50,27,22,5
1938,75,27,21,6
1938,100,27,19,8
1939,0,25,25,0
1939,5,25,25,0
1939,10,25,24,1
1939,20,25,24,1
1939,35,25,23,2
1939,50,25,23,2
1939,75,25,23,2
1939,100,25,23,2
1940,0,60,60,0
1940,5,60,57,3
1940,10,60,54,6
1940,20,60,53,7
1940,35,60,53,7
1940,50,60,53,7
1940,75,60,53,7
1940,100,60,51,9
1941,0,32,32,0
1941,5,32,32,0
1941,10,32,32,0
1941,20,32,31,1
1941,35,32,28,4
1941,50,32,24,8
1941,75,32,24,8
1941,100,32,24,8
1942,0,44,44,0
1942,5,44,41,3
1942,10,44,35,9
1942,20,44,35,9
1942,35,44,30,14
1942,50,44,27,17
1942,75,44,25,19
1942,100,44,25,19
1943,0,32,32,0
1943,5,32,32,0
1943,10,32,32,0
1943,20,32,32,0
1943,35,32,32,0
1943,50,32,31,1
1943,75,32,30,2
1943,100,32,30,2
1944,0,16,16,0
1944,5,16,15,1
1944,10,16,15,1
1944,20,16,15,1
1944,35,16,14,2
1944,50,16,14,2
1944,75,16,14,2
1944,100,16,14,2
1945,0,32,32,0
1945,5,32,32,0
1945,10,32,31,1
1945,20,32,29,3
1945,35,32,28,4
1945,50,32,28,4
1945,75,32,28,4
1945,100,32,27,5
1946,0,34,34,0
1946,5,34,34,0
1946,10,34,30,4
1946,20,34,29,5
1946,35,34,26,8
1946,50,34,25,9
1946,75,34,25,9
1946,100,34,25,9
1947,0,53,53,0
1947,5,53,51,2
1947,10,53,49,4
1947,20,53,49,4
1947,35,53,48,5
1947,50,53,46,7
1947,75,53,46,7
1947,100,53,46,7
1948,0,38,38,0
1948,5,38,38,0
1948,10,38,35,3
1948,20,38,34,4
1948,35,38,31,7
1948,50,38,31,7
1948,75,38,31,7
1948,100,38,31,7
1949,0,69,69,0
1949,5,69,68,1
1949,10,69,67,2
1949,20,69,66,3
1949,35,69,54,15
1949,50,69,53,16
1949,75,69,53,16
1949,100,69,50,19
1950,0,36,36,0
1950,5,36,33,3
1950,10,36,33,3
1950,20,36,32,4
1950,35,36,30,6
1950,50,36,30,6
1950,75,36,29,7
1950,100,36,29,7
1951,0,41,41,0
1951,5,41,39,2
1951,10,41,36,5
1951,20,41,34,7
1951,35,41,33,8
1951,50,41,33,8
1951,75,41,32,9
1951,100,41,32,9
1952,0,26,26,0
1952,5,26,26,0
1952,10,26,26,0
1952,20,26,26,0
1952,35,26,22,4
1952,50,26,22,4
1952,75,26,22,4
1952,100,26,22,4
1953,0,42,42,0
1953,5,42,41,1
1953,10,42,37,5
1953,20,42,34,8
1953,35,42,30,12
1953,50,42,29,13
1953,75,42,27,15
1953,100,42,27,15
1954,0,96,96,0
1954,5,96,95,1
1954,10,96,95,1
1954,20,96,93,3
1954,35,96,91,5
1954,50,96,91,5
1954,75,96,91,5
1954,100,96,90,6
1955,0,36,36,0
1955,5,36,36,0
1955,10,36,33,3
1955,20,36,33,3
1955,35,36,31,5
1955,50,36,31,5
1955,75,36,31,5
1955,100,36,31,5
1956,0,23,23,0
1956,5,23,23,0
1956,10,23,22,1
1956,20,23,22,1
1956,35,23,19,4
1956,50,23,19,4
1956,75,23,18,5
1956,100,23,18,5
1957,0,78,78,0
1957,5,78,78,0
1957,10,78,77,1
1957,20,78,77,1
1957,35,78,77,1
1957,50,78,77,1
1957,75,78,76,2
1957,100,78,76,2
1958,0,26,26,0
1958,5,26,25,1
1958,10,26,24,2
1958,20,26,24,2
1958,35,26,23,3
1958,50,26,23,3
1958,75,26,22,4
1958,100,26,21,5
1959,0,41,41,0
1959,5,41,41,0
1959,10,41,41,0
1959,20,41,41,0
1959,35,41,38,3
1959,50,41,35,6
1959,75,41,35,6
1959,100,41,35,6
1960,0,17,17,0
1960,5,17,17,0
1960,10,17,15,2
1960,20,17,15,2
1960,35,17,7,10
1960,50,17,7,10
1960,75,17,6,11
1960,100,17,5,12
1961,0,45,45,0
1961,5,45,45,0
1961,10,45,45,0
1961,20,45,44,1
1961,35,45,44,1
1961,50,45,43,2
1961,75,45,42,3
1961,100,45,41,4
1962,0,26,26,0
1962,5,26,25,1
1962,10,26,24,2
1962,20,26,20,6
1962,35,26,11,15
1962,50,26,11,15
1962,75,26,11,15
1962,100,26,11,15
1963,0,13,13,0
1963,5,13,13,0
1963,10,13,13,0
1963,20,13,12,1
1963,35,13,12,1
1963,50,13,12,1
1963,75,13,12,1
1963,100,13,12,1
1964,0,33,33,0
1964,5,33,32,1
1964,10,33,29,4
1964,20,33,23,10
1964,35,33,20,13
1964,50,33,20,13
1964,75,33,19,14
1964,100,33,19,14
1965,0,28,28,0
1965,5,28,28,0
1965,10,28,27,1
1965,20,28,27,1
1965,35,28,24,4
1965,50,28,24,4
1965,75,28,24,4
1965,100,28,24,4
1966,0,27,27,0
1966,5,27,27,0
1966,10,27,23,4
1966,20,27,23,4
1966,35,27,21,6
1966,50,27,20,7
1966,75,27,20,7
1966,100,27,20,7
1967,0,98,98,0
1967,5,98,94,4
1967,10,98,92,6
1967,20,98,91,7
1967,35,98,81,17
1967,50,98,79,19
1967,75,98,78,20
1967,100,98,72,26
1968,0,61,61,0
1968,5,61,60,1
1968,10,61,57,4
1968,20,61,56,5
1968,35,61,54,7
1968,50,61,54,7
1968,75,61,54,7
1968,100,61,54,7
1969,0,36,36,0
1969,5,36,36,0
1969,10,36,35,1
1969,20,36,35,1
1969,35,36,29,7
1969,50,36,27,9
1969,75,36,27,9
1969,100,36,27,9
1970,0,38,38,0
1970,5,38,38,0
1970,10,38,36,2
1970,20,38,31,7
1970,35,38,30,8
1970,50,38,30,8
1970,75,38,29,9
1970,100,38,29,9
1971,0,28,28,0
1971,5,28,28,0
1971,10,28,27,1
1971,20,28,26,2
1971,35,28,24,4
1971,50,28,24,4
1971,75,28,24,4
1971,100,28,24,4
1972,0,43,43,0
1972,5,43,41,2
1972,10,43,39,4
1972,20,43,35,8
1972,35,43,31,12
1972,50,43,31,12
1972,75,43,31,12
1972,100,43,31,12
1973,0,41,41,0
1973,5,41,40,1
1973,10,41,35,6
1973,20,41,34,7
1973,35,41,28,13
1973,50,41,28,13
1973,75,41,28,13
1973,100,41,27,14
1974,0,29,29,0
1974,5,29,28,1
1974,10,29,27,2
1974,20,29,27,2
1974,35,29,26,3
1974,50,29,26,3
1974,75,29,25,4
1974,100,29,25,4
1975,0,30,30,0
1975,5,30,30,0
1975,10,30,28,2
1975,20,30,28,2
1975,35,30,24,6
1975,50,30,24,6
1975,75,30,24,6
1975,100,30,24,6
1976,0,28,28,0
1976,5,28,27,1
1976,10,28,27,1
1976,20,28,26,2
1976,35,28,23,5
1976,50,28,23,5
1976,75,28,23,5
1976,100,28,22,6
1977,0,30,30,0
1977,5,30,30,0
1977,10,30,30,0
1977,20,30,30,0
1977,35,30,30,0
1977,50,30,30,0
1977,75,30,30,0
1977,100,30,30,0
1978,0,16,16,0
1978,5,16,16,0
1978,10,16,16,0
1978,20,16,16,0
1978,35,16,16,0
1978,50,16,15,1
1978,75,16,15,1
1978,100,16,15,1
1979,0,26,26,0
1979,5,26,26,0
1979,10,26,25,1
1979,20,26,25,1
1979,35,26,22,4
1979,50,26,22,4
1979,75,26,21,5
1979,100,26,21,5
1980,0,24,24,0
1980,5,24,24,0
1980,10,24,22,2
1980,20,24,21,3
1980,35,24,17,7
1980,50,24,17,7
1980,75,24,17,7
1980,100,24,17,7
1981,0,21,21,0
1981,5,21,21,0
1981,10,21,19,2
1981,20,21,19,2
1981,35,21,17,4
1981,50,21,15,6
1981,75,21,15,6
1981,100,21,14,7
1982,0,33,33,0
1982,5,33,33,0
1982,10,33,32,1
1982,20,33,30,3
1982,35,33,29,4
1982,50,33,28,5
1982,75,33,28,5
1982,100,33,28,5
1983,0,17,17,0
1983,5,17,17,0
1983,10,17,17,0
1983,20,17,17,0
1983,35,17,13,4
1983,50,17,13,4
1983,75,17,13,4
1983,100,17,13,4
1984,0,22,22,0
1984,5,22,22,0
1984,10,22,20,2
1984,20,22,20,2
1984,35,22,18,4
1984,50,22,18,4
1984,75,22,16,6
1984,100,22,16,6
1985,0,24,24,0
1985,5,24,24,0
1985,10,24,23,1
1985,20,24,22,2
1985,35,24,21,3
1985,50,24,21,3
1985,75,24,21,3
1985,100,24,21,3
1986,0,31,31,0
1986,5,31,30,1
1986,10,31,28,3
1986,20,31,26,5
1986,35,31,25,6
1986,50,31,24,7
1986,75,31,23,8
1986,100,31,23,8
1987,0,25,25,0
1987,5,25,25,0
1987,10,25,24,1
1987,20,25,24,1
1987,35,25,20,5
1987,50,25,17,8
1987,75,25,17,8
1987,100,25,17,8
1988,0,32,32,0
1988,5,32,32,0
1988,10,32,32,0
1988,20,32,32,0
1988,35,32,27,5
1988,50,32,27,5
1988,75,32,27,5
1988,100,32,27,5
1989,0,28,28,0
1989,5,28,27,1
1989,10,28,26,2
1989,20,28,26,2
1989,35,28,21,7
1989,50,28,21,7
1989,75,28,20,8
1989,100,28,20,8
1990,0,31,31,0
1990,5,31,29,2
1990,10,31,28,3
1990,20,31,25,6
1990,35,31,25,6
1990,50,31,25,6
1990,75,31,25,6
1990,100,31,25,6
1991,0,20,20,0
1991,5,20,20,0
1991,10,20,16,4
1991,20,20,16,4
1991,35,20,15,5
1991,50,20,15,5
1991,75,20,15,5
1991,100,20,15,5
1992,0,24,24,0
1992,5,24,23,1
1992,10,24,22,2
1992,20,24,22,2
1992,35,24,22,2
1992,50,24,22,2
1992,75,24,22,2
1992,100,24,21,3
1993,0,81,81,0
1993,5,81,81,0
1993,10,81,80,1
1993,20,81,78,3
1993,35,81,76,5
1993,50,81,76,5
1993,75,81,76,5
1993,100,81,76,5
1994,0,78,78,0
1994,5,78,78,0
1994,10,78,77,1
1994,20,78,77,1
1994,35,78,77,1
1994,50,78,77,1
1994,75,78,76,2
1994,100,78,76,2
1995,0,46,46,0
1995,5,46,46,0
1995,10,46,46,0
1995,20,46,44,2
1995,35,46,43,3
1995,50,46,39,7
1995,75,46,38,8
1995,100,46,38,8
1996,0,52,52,0
1996,5,52,51,1
1996,10,52,44,8
1996,20,52,38,14
1996,35,52,35,17
1996,50,52,31,21
1996,75,52,30,22
1996,100,52,28,24
1997,0,25,25,0
1997,5,25,25,0
1997,10,25,25,0
1997,20,25,23,2
1997,35,25,19,6
1997,50,25,19,6
1997,75,25,19,6
1997,100,25,19,6
1998,0,50,50,0
1998,5,50,48,2
1998,10,50,47,3
1998,20,50,38,12
1998,35,50,37,13
1998,50,50,37,13
1998,75,50,36,14
1998,100,50,36,14
1999,0,59,59,0
1999,5,59,59,0
1999,10,59,57,2
1999,20,59,57,2
1999,35,59,53,6
1999,50,59,49,10
1999,75,59,49,10
1999,100,59,48,11
